OBJECT_NAME,OBJECT_ID,EPOCH,MEAN_MOTION,ECCENTRICITY,INCLINATION,RA_OF_ASC_NODE,ARG_OF_PERICENTER,MEAN_ANOMALY,EPHEMERIS_TYPE,CLASSIFICATION_TYPE,NORAD_CAT_ID,ELEMENT_SET_NO,REV_AT_EPOCH,BSTAR,MEAN_MOTION_DOT,MEAN_MOTION_DDOT,RMS,DATA_SOURCE
STARLINK-35035,2025-192D,2026-05-01T01:19:41.999981,15.30177463,.0001227,53.1580,349.1666,78.4589,189.3722,0,C,65407,121,1,.65027E-3,.19291E-3,0,0.233,SpaceX-E
STARLINK-35035,2025-192D,2026-05-01T02:55:42.000010,15.30169915,.0001187,53.1577,348.8568,77.3039,197.9803,0,C,65407,121,1,.13135E-2,.38968E-3,0,0.167,SpaceX-E
STARLINK-35035,2025-192D,2026-05-01T04:32:42.000000,15.30183529,.0001171,53.1575,348.5435,77.2573,209.3003,0,C,65407,121,1,.53418E-3,.15849E-3,0,0.221,SpaceX-E
STARLINK-35035,2025-192D,2026-05-01T07:36:42.000019,15.30213447,.0001151,53.1576,347.9492,85.7784,185.0522,0,C,65407,121,1,-.15224E-2,-.45168E-3,0,0.230,SpaceX-E
STARLINK-35035,2025-192D,2026-05-01T09:13:42.000010,15.30205463,.0001141,53.1577,347.6360,89.6992,192.4147,0,C,65407,121,1,-.11448E-2,-.33962E-3,0,0.251,SpaceX-E
STARLINK-35035,2025-192D,2026-05-01T12:16:41.999981,15.30177070,.0001154,53.1574,347.0451,95.2362,167.3412,0,C,65407,121,1,.51372E-3,.15239E-3,0,0.208,SpaceX-E
STARLINK-35035,2025-192D,2026-05-01T13:54:42.000019,15.30172682,.0001182,53.1575,346.7289,97.4209,180.2618,0,C,65407,121,1,.89496E-3,.26549E-3,0,0.176,SpaceX-E
STARLINK-35035,2025-192D,2026-05-01T15:31:42.000010,15.30175590,.00012,53.1576,346.4163,99.1571,189.8001,0,C,65407,121,1,.87851E-3,.26063E-3,0,0.164,SpaceX-E
STARLINK-35035,2025-192D,2026-05-01T19:06:41.999962,15.30203959,.0001179,53.1575,345.7238,92.8981,298.9854,0,C,65407,121,1,-.14073E-2,-.41745E-3,0,0.193,SpaceX-E
STARLINK-35035,2025-192D,2026-05-01T20:54:41.999962,15.30199273,.0001208,53.1574,345.3758,89.8244,355.4425,0,C,65407,121,1,-.14271E-2,-.42325E-3,0,0.178,SpaceX-E
STARLINK-35035,2025-192D,2026-05-01T22:30:41.999990,15.30186280,.0001228,53.1574,345.0664,88.3754,4.3448,0,C,65407,121,1,-.63638E-3,-.18873E-3,0,0.218,SpaceX-E
STARLINK-35035,2025-192D,2026-05-02T00:29:42.000000,15.30157289,.0001211,53.1575,344.6828,84.6090,103.6029,0,C,65407,122,1,.13653E-2,.40492E-3,0,0.203,SpaceX-E
STARLINK-35035,2025-192D,2026-05-02T04:25:42.000010,15.30182777,.0001179,53.1569,343.9210,86.1140,285.3968,0,C,65407,122,1,.20273E-3,.6014E-4,0,0.216,SpaceX-E
STARLINK-35035,2025-192D,2026-05-02T06:23:41.999971,15.30196197,.0001193,53.1570,343.5399,90.8280,12.3351,0,C,65407,122,1,-.68603E-3,-.20351E-3,0,0.218,SpaceX-E
STARLINK-35035,2025-192D,2026-05-02T08:10:42.000010,15.30189790,.0001161,53.1570,343.1943,95.0007,57.7186,0,C,65407,122,1,-.19621E-3,-.58208E-4,0,0.260,SpaceX-E
STARLINK-35035,2025-192D,2026-05-02T10:08:41.999971,15.30168715,.0001153,53.1570,342.8132,96.5410,147.8427,0,C,65407,122,1,.13634E-2,.40449E-3,0,0.245,SpaceX-E
STARLINK-35035,2025-192D,2026-05-02T11:55:42.000010,15.30162353,.0001179,53.1568,342.4678,99.1645,194.7741,0,C,65407,122,1,.20492E-2,.60804E-3,0,0.180,SpaceX-E
STARLINK-35035,2025-192D,2026-05-02T13:52:42.000010,15.30176138,.0001204,53.1569,342.0904,99.5453,282.2170,0,C,65407,122,1,.16516E-2,.49017E-3,0,0.183,SpaceX-E
STARLINK-35035,2025-192D,2026-05-02T15:51:42.000019,15.30199419,.0001215,53.1571,341.7068,98.4257,18.8156,0,C,65407,122,1,.46269E-3,.13735E-3,0,0.188,SpaceX-E
STARLINK-35035,2025-192D,2026-05-02T17:49:41.999981,15.30218919,.0001191,53.1571,341.3268,97.0305,111.8679,0,C,65407,122,1,-.10952E-2,-.32506E-3,0,0.209,SpaceX-E
STARLINK-35035,2025-192D,2026-05-02T19:58:42.000038,15.30223035,.0001169,53.1569,340.9111,92.5634,250.1021,0,C,65407,122,1,-.1844E-2,-.54718E-3,0,0.175,SpaceX-E
STARLINK-35035,2025-192D,2026-05-02T23:55:42.000010,15.30179483,.0001144,53.1570,340.1472,89.5391,80.2907,0,C,65407,122,1,.77758E-3,.23071E-3,0,0.233,SpaceX-E
STARLINK-35035,2025-192D,2026-05-03T01:53:41.999971,15.30167955,.0001116,53.1567,339.7666,90.3946,171.0970,0,C,65407,123,1,.17394E-2,.51613E-3,0,0.146,SpaceX-E
STARLINK-35035,2025-192D,2026-05-03T04:13:42.000038,15.30197381,.00011,53.1565,339.3144,91.3565,345.9911,0,C,65407,123,1,.36656E-5,.10878E-5,0,0.215,SpaceX-E
STARLINK-35035,2025-192D,2026-05-03T06:12:41.999962,15.30218413,.0001127,53.1566,338.9300,96.7588,76.0714,0,C,65407,123,1,-.15731E-2,-.4668E-3,0,0.206,SpaceX-E
STARLINK-35035,2025-192D,2026-05-03T08:10:42.000010,15.30210560,.0001112,53.1568,338.5489,99.6284,164.8670,0,C,65407,123,1,-.12262E-2,-.36383E-3,0,0.236,SpaceX-E
STARLINK-35035,2025-192D,2026-05-03T10:08:41.999971,15.30183153,.000113,53.1566,338.1678,103.3052,252.8604,0,C,65407,123,1,.48904E-3,.14509E-3,0,0.221,SpaceX-E
STARLINK-35035,2025-192D,2026-05-03T12:07:41.999981,15.30174507,.0001149,53.1566,337.7837,103.7237,347.9307,0,C,65407,123,1,.11832E-2,.35105E-3,0,0.169,SpaceX-E
STARLINK-35035,2025-192D,2026-05-03T14:06:41.999990,15.30180259,.0001208,53.1568,337.4000,103.3645,83.7718,0,C,65407,123,1,.11314E-2,.33574E-3,0,0.162,SpaceX-E
STARLINK-35035,2025-192D,2026-05-03T16:05:42.000000,15.30198769,.0001178,53.1569,337.0164,102.2529,180.3637,0,C,65407,123,1,.15625E-3,.46372E-4,0,0.172,SpaceX-E
STARLINK-35035,2025-192D,2026-05-03T18:25:41.999981,15.30219300,.0001151,53.1568,336.5654,94.4488,4.0328,0,C,65407,123,1,-.16394E-2,-.48647E-3,0,0.226,SpaceX-E
STARLINK-35035,2025-192D,2026-05-03T20:02:41.999971,15.30219865,.0001157,53.1567,336.2530,90.9322,18.8312,0,C,65407,123,1,-.20707E-2,-.61434E-3,0,0.197,SpaceX-E
STARLINK-35035,2025-192D,2026-05-03T22:25:42.000010,15.30196792,.0001166,53.1569,335.7921,85.7021,211.4190,0,C,65407,123,1,-.99231E-3,-.29434E-3,0,0.260,SpaceX-E
STARLINK-35035,2025-192D,2026-05-04T00:23:41.999971,15.30167314,.0001122,53.1569,335.4116,84.6980,304.0901,0,C,65407,124,1,.85136E-3,.25251E-3,0,0.221,SpaceX-E
STARLINK-35035,2025-192D,2026-05-04T04:21:41.999990,15.30188448,.0001092,53.1566,334.6431,84.9015,134.8446,0,C,65407,124,1,-.39949E-3,-.1185E-3,0,0.216,SpaceX-E
STARLINK-35035,2025-192D,2026-05-04T06:20:42.000000,15.30194044,.0001076,53.1567,334.2587,87.9370,227.2919,0,C,65407,124,1,-.70937E-3,-.21042E-3,0,0.215,SpaceX-E
STARLINK-35035,2025-192D,2026-05-04T08:19:42.000010,15.30175004,.0001061,53.1568,333.8743,94.0746,316.6451,0,C,65407,124,1,.69776E-3,.20699E-3,0,0.261,SpaceX-E
STARLINK-35035,2025-192D,2026-05-04T10:06:41.999962,15.30161403,.000103,53.1567,333.5289,95.5417,4.7349,0,C,65407,124,1,.18687E-2,.55441E-3,0,0.212,SpaceX-E
STARLINK-35035,2025-192D,2026-05-04T12:05:41.999971,15.30169713,.0001074,53.1567,333.1447,96.7542,99.0026,0,C,65407,124,1,.17368E-2,.51538E-3,0,0.192,SpaceX-E
STARLINK-35035,2025-192D,2026-05-04T14:03:42.000019,15.30188104,.0001093,53.1569,332.7642,97.7244,189.6830,0,C,65407,124,1,.11369E-2,.33746E-3,0,0.165,SpaceX-E
STARLINK-35035,2025-192D,2026-05-04T16:02:42.000029,15.30209535,.0001074,53.1570,332.3809,94.0850,288.8038,0,C,65407,124,1,-.21214E-3,-.6297E-4,0,0.178,SpaceX-E
STARLINK-35035,2025-192D,2026-05-04T19:16:42.000010,15.30226933,.0001124,53.1569,331.7559,87.1212,318.3292,0,C,65407,124,1,-.21032E-2,-.6241E-3,0,0.174,SpaceX-E
STARLINK-35035,2025-192D,2026-05-04T21:03:41.999962,15.30219928,.0001166,53.1570,331.4110,85.7097,9.3021,0,C,65407,124,1,-.19714E-2,-.5849E-3,0,0.174,SpaceX-E
STARLINK-35035,2025-192D,2026-05-05T00:39:41.999962,15.30171106,.0001148,53.1570,330.7146,81.6496,120.1470,0,C,65407,125,1,.12383E-2,.36739E-3,0,0.144,SpaceX-E
STARLINK-35035,2025-192D,2026-05-05T02:27:41.999962,15.30181177,.0001142,53.1568,330.3659,83.4612,171.7147,0,C,65407,125,1,.77994E-3,.23142E-3,0,0.205,SpaceX-E
STARLINK-35035,2025-192D,2026-05-05T04:04:42.000038,15.30202860,.0001131,53.1568,330.0525,87.5823,178.8657,0,C,65407,125,1,-.57097E-3,-.16942E-3,0,0.250,SpaceX-E
STARLINK-35035,2025-192D,2026-05-05T07:39:41.999990,15.30204699,.0001134,53.1571,329.3580,96.0179,273.3726,0,C,65407,125,1,-.88511E-3,-.26262E-3,0,0.251,SpaceX-E
STARLINK-35035,2025-192D,2026-05-05T11:03:42.000019,15.30174291,.0001133,53.1570,328.6994,101.7657,328.4696,0,C,65407,125,1,.11045E-2,.3277E-3,0,0.190,SpaceX-E
STARLINK-35035,2025-192D,2026-05-05T14:38:41.999971,15.30187560,.0001198,53.1574,328.0062,102.9032,70.2609,0,C,65407,125,1,.61068E-3,.18122E-3,0,0.180,SpaceX-E
STARLINK-35035,2025-192D,2026-05-05T17:19:42.000010,15.30215850,.0001135,53.1574,327.4875,95.4709,333.9328,0,C,65407,125,1,-.17056E-2,-.50604E-3,0,0.236,SpaceX-E
STARLINK-35035,2025-192D,2026-05-05T19:07:42.000010,15.30215958,.0001142,53.1573,327.1396,91.2199,31.5688,0,C,65407,125,1,-.22633E-2,-.67134E-3,0,0.209,SpaceX-E
STARLINK-35035,2025-192D,2026-05-06T00:30:41.999962,15.30151280,.0001107,53.1574,326.0983,81.4162,197.7062,0,C,65407,126,1,.13785E-2,.40876E-3,0,0.165,SpaceX-E
STARLINK-35035,2025-192D,2026-05-06T02:18:41.999962,15.30164824,.0001078,53.1573,325.7496,80.4508,252.0431,0,C,65407,126,1,.5008E-3,.1485E-3,0,0.207,SpaceX-E
STARLINK-35035,2025-192D,2026-05-06T04:59:42.000000,15.30185756,.0001073,53.1575,325.2295,86.0870,142.6387,0,C,65407,126,1,-.82383E-3,-.24429E-3,0,0.204,SpaceX-E
STARLINK-35035,2025-192D,2026-05-06T06:36:41.999990,15.30177915,.0001067,53.1577,324.9162,88.7459,151.2572,0,C,65407,126,1,-.26363E-3,-.78176E-4,0,0.252,SpaceX-E
STARLINK-35035,2025-192D,2026-05-06T11:26:42.000000,15.30157849,.00011,53.1576,323.9799,94.6101,175.3940,0,C,65407,126,1,.18029E-2,.5348E-3,0,0.194,SpaceX-E
STARLINK-35035,2025-192D,2026-05-06T14:39:42.000019,15.30192256,.000112,53.1579,323.3579,94.4012,194.3147,0,C,65407,126,1,.10907E-3,.32365E-4,0,0.169,SpaceX-E
STARLINK-35035,2025-192D,2026-05-06T15:33:42.000019,15.30197984,.0001128,53.1579,323.1839,91.9934,43.4124,0,C,65407,126,1,-.37867E-3,-.11236E-3,0,0.180,SpaceX-E
STARLINK-35035,2025-192D,2026-05-06T17:53:42.000000,15.30198238,.000112,53.1579,322.7330,86.8285,224.4442,0,C,65407,126,1,-.54463E-3,-.16159E-3,0,0.162,SpaceX-E
STARLINK-35035,2025-192D,2026-05-06T20:34:42.000038,15.30183952,.0001135,53.1580,322.2142,81.6998,125.8231,0,C,65407,126,1,.39691E-3,.11776E-3,0,0.179,SpaceX-E
STARLINK-35035,2025-192D,2026-05-06T22:11:42.000029,15.30171982,.0001139,53.1582,321.9016,79.6887,139.1155,0,C,65407,126,1,.14799E-2,.43912E-3,0,0.183,SpaceX-E
STARLINK-35035,2025-192D,2026-05-07T01:23:42.000000,15.30188352,.0001085,53.1579,321.2822,79.4089,154.2909,0,C,65407,127,1,.92358E-3,.27412E-3,0,0.201,SpaceX-E
STARLINK-35035,2025-192D,2026-05-07T03:11:42.000000,15.30211767,.0001058,53.1579,320.9333,80.7332,206.3438,0,C,65407,127,1,-.62041E-3,-.18414E-3,0,0.214,SpaceX-E
STARLINK-35035,2025-192D,2026-05-07T04:48:41.999990,15.30219903,.0001057,53.1581,320.6199,83.0509,215.3058,0,C,65407,127,1,-.12757E-2,-.37861E-3,0,0.189,SpaceX-E
STARLINK-35035,2025-192D,2026-05-07T06:25:41.999981,15.30212141,.0001063,53.1582,320.3067,86.0374,223.6044,0,C,65407,127,1,-.86922E-3,-.25796E-3,0,0.214,SpaceX-E
STARLINK-35035,2025-192D,2026-05-07T09:29:42.000000,15.30181589,.0001061,53.1581,319.7125,90.0283,203.9097,0,C,65407,127,1,.11814E-2,.35061E-3,0,0.168,SpaceX-E
STARLINK-35035,2025-192D,2026-05-07T12:42:42.000019,15.30194046,.0001109,53.1584,319.0899,90.5203,222.1451,0,C,65407,127,1,.86348E-3,.25632E-3,0,0.161,SpaceX-E
STARLINK-35035,2025-192D,2026-05-07T14:19:42.000010,15.30208876,.0001109,53.1585,318.7773,88.6921,235.2499,0,C,65407,127,1,-.80623E-5,-.23934E-5,0,0.168,SpaceX-E
STARLINK-35035,2025-192D,2026-05-07T16:50:42.000000,15.30221795,.0001148,53.1585,318.2910,84.0425,97.8732,0,C,65407,127,1,-.13517E-2,-.40119E-3,0,0.184,SpaceX-E
STARLINK-35035,2025-192D,2026-05-07T18:53:42.000029,15.30219058,.0001158,53.1584,317.8947,79.9487,212.7704,0,C,65407,127,1,-.15842E-2,-.47009E-3,0,0.160,SpaceX-E
STARLINK-35035,2025-192D,2026-05-07T20:30:42.000019,15.30205938,.0001196,53.1586,317.5821,78.4367,225.5679,0,C,65407,127,1,-.9306E-3,-.27612E-3,0,0.198,SpaceX-E
STARLINK-35035,2025-192D,2026-05-07T23:44:42.000000,15.30174272,.0001147,53.1587,316.9566,77.2273,249.3469,0,C,65407,127,1,.12885E-2,.38233E-3,0,0.142,SpaceX-E
STARLINK-35035,2025-192D,2026-05-08T01:21:41.999990,15.30186463,.000112,53.1585,316.6434,77.3460,260.5031,0,C,65407,128,1,.59104E-3,.17538E-3,0,0.196,SpaceX-E
STARLINK-35035,2025-192D,2026-05-08T02:58:41.999981,15.30207635,.0001114,53.1586,316.3301,79.2684,269.8540,0,C,65407,128,1,-.79504E-3,-.23592E-3,0,0.231,SpaceX-E
STARLINK-35035,2025-192D,2026-05-08T06:11:42.000000,15.30205115,.0001121,53.1588,315.7067,87.4095,280.4490,0,C,65407,128,1,-.77554E-3,-.23012E-3,0,0.246,SpaceX-E
STARLINK-35035,2025-192D,2026-05-08T07:47:42.000029,15.30184947,.0001099,53.1588,315.3967,90.6726,284.6456,0,C,65407,128,1,.58716E-3,.17422E-3,0,0.242,SpaceX-E
STARLINK-35035,2025-192D,2026-05-08T09:24:42.000019,15.30174052,.0001097,53.1586,315.0835,92.2583,294.3431,0,C,65407,128,1,.14759E-2,.43797E-3,0,0.186,SpaceX-E
STARLINK-35035,2025-192D,2026-05-08T12:36:41.999990,15.30189990,.0001166,53.1589,314.4643,92.8399,308.6576,0,C,65407,128,1,.10112E-2,.30015E-3,0,0.181,SpaceX-E
STARLINK-35035,2025-192D,2026-05-08T14:13:41.999981,15.30208513,.0001163,53.1589,314.1518,91.0350,321.7372,0,C,65407,128,1,-.59959E-4,-.17799E-4,0,0.179,SpaceX-E
STARLINK-35035,2025-192D,2026-05-08T15:50:41.999971,15.30224823,.000116,53.1590,313.8394,88.9275,335.1232,0,C,65407,128,1,-.14313E-2,-.42484E-3,0,0.209,SpaceX-E
STARLINK-35035,2025-192D,2026-05-08T17:49:41.999981,15.30228534,.0001177,53.1589,313.4561,86.7858,72.7569,0,C,65407,128,1,-.23183E-2,-.6879E-3,0,0.188,SpaceX-E
STARLINK-35035,2025-192D,2026-05-08T21:35:42.000029,15.30188582,.0001192,53.1592,312.7278,84.1757,220.4263,0,C,65407,128,1,-.47488E-3,-.14085E-3,0,0.258,SpaceX-E
STARLINK-35035,2025-192D,2026-05-08T23:23:42.000029,15.30165591,.0001122,53.1591,312.3794,84.4839,273.5067,0,C,65407,128,1,.94872E-3,.28138E-3,0,0.171,SpaceX-E
STARLINK-35035,2025-192D,2026-05-09T01:00:42.000019,15.30169737,.0001092,53.1589,312.0663,84.9842,284.2809,0,C,65407,129,1,.66787E-3,.19808E-3,0,0.194,SpaceX-E
STARLINK-35035,2025-192D,2026-05-09T04:13:42.000038,15.30192918,.0001117,53.1591,311.4428,90.3240,297.6581,0,C,65407,129,1,-.96255E-3,-.28548E-3,0,0.219,SpaceX-E
STARLINK-35035,2025-192D,2026-05-09T05:50:42.000029,15.30180981,.0001114,53.1592,311.1295,94.8960,304.3664,0,C,65407,129,1,-.22709E-3,-.67349E-4,0,0.255,SpaceX-E
STARLINK-35035,2025-192D,2026-05-09T07:37:41.999981,15.30161503,.0001085,53.1591,310.7841,97.4171,351.4032,0,C,65407,129,1,.11748E-2,.34842E-3,0,0.235,SpaceX-E
STARLINK-35035,2025-192D,2026-05-09T10:50:42.000000,15.30166518,.0001176,53.1591,310.1612,98.5312,9.0085,0,C,65407,129,1,.13906E-2,.41253E-3,0,0.183,SpaceX-E
STARLINK-35035,2025-192D,2026-05-09T12:27:41.999990,15.30181921,.000121,53.1593,309.8485,98.0363,20.7736,0,C,65407,129,1,.66586E-3,.19757E-3,0,0.181,SpaceX-E
STARLINK-35035,2025-192D,2026-05-09T14:03:42.000019,15.30196054,.000119,53.1593,309.5392,95.8637,30.3920,0,C,65407,129,1,-.25553E-3,-.75818E-4,0,0.183,SpaceX-E
STARLINK-35035,2025-192D,2026-05-09T15:40:42.000010,15.30201105,.000117,53.1592,309.2268,92.9418,44.5917,0,C,65407,129,1,-.73941E-3,-.21937E-3,0,0.168,SpaceX-E
STARLINK-35035,2025-192D,2026-05-09T18:53:42.000029,15.30188926,.0001172,53.1592,308.6051,86.5729,69.6941,0,C,65407,129,1,-.98386E-4,-.29188E-4,0,0.165,SpaceX-E
STARLINK-35035,2025-192D,2026-05-09T20:29:41.999971,15.30176523,.000117,53.1594,308.2958,84.1764,79.5442,0,C,65407,129,1,.87124E-3,.25848E-3,0,0.192,SpaceX-E
STARLINK-35035,2025-192D,2026-05-09T23:42:41.999990,15.30176002,.0001132,53.1591,307.6733,81.8940,100.5539,0,C,65407,129,1,.1434E-2,.42554E-3,0,0.173,SpaceX-E
STARLINK-35035,2025-192D,2026-05-10T01:19:41.999981,15.30198844,.0001126,53.1591,307.3600,83.3724,110.3469,0,C,65407,130,1,-.44843E-4,-.13308E-4,0,0.217,SpaceX-E
STARLINK-35035,2025-192D,2026-05-10T02:55:42.000010,15.30215217,.000111,53.1591,307.0499,85.5356,115.6320,0,C,65407,130,1,-.12041E-2,-.35731E-3,0,0.199,SpaceX-E
STARLINK-35035,2025-192D,2026-05-10T05:59:42.000029,15.30202485,.0001074,53.1592,306.4556,89.8693,95.5894,0,C,65407,130,1,-.65563E-3,-.19453E-3,0,0.233,SpaceX-E
STARLINK-35035,2025-192D,2026-05-10T07:36:42.000019,15.30184553,.0001074,53.1590,306.1424,90.4877,106.2573,0,C,65407,130,1,.45504E-3,.13501E-3,0,0.203,SpaceX-E
STARLINK-35035,2025-192D,2026-05-10T09:13:42.000010,15.30179232,.0001104,53.1589,305.8292,91.2650,116.7607,0,C,65407,130,1,.83202E-3,.24686E-3,0,0.169,SpaceX-E
STARLINK-35035,2025-192D,2026-05-10T12:26:42.000029,15.30192645,.0001167,53.1592,305.2071,91.6699,135.0795,0,C,65407,130,1,.34837E-3,.10338E-3,0,0.170,SpaceX-E
STARLINK-35035,2025-192D,2026-05-10T14:03:42.000019,15.30205126,.0001167,53.1592,304.8946,89.3747,148.6512,0,C,65407,130,1,-.49983E-3,-.14833E-3,0,0.183,SpaceX-E
STARLINK-35035,2025-192D,2026-05-10T17:17:42.000000,15.30205952,.0001175,53.1590,304.2696,81.6882,178.9004,0,C,65407,130,1,-.10228E-2,-.30346E-3,0,0.162,SpaceX-E
STARLINK-35035,2025-192D,2026-05-10T18:54:41.999990,15.30196384,.0001206,53.1591,303.9570,79.2403,192.6309,0,C,65407,130,1,-.50017E-3,-.14839E-3,0,0.180,SpaceX-E
STARLINK-35035,2025-192D,2026-05-10T20:31:41.999981,15.30180537,.000122,53.1593,303.6444,78.1177,205.0371,0,C,65407,130,1,.63079E-3,.18715E-3,0,0.205,SpaceX-E
STARLINK-35035,2025-192D,2026-05-10T23:45:41.999962,15.30180289,.0001141,53.1588,303.0185,76.7627,228.9472,0,C,65407,130,1,.92256E-3,.27375E-3,0,0.181,SpaceX-E
STARLINK-35035,2025-192D,2026-05-11T01:22:42.000038,15.30203315,.0001129,53.1588,302.7052,78.4423,238.5392,0,C,65407,131,1,-.66011E-3,-.19587E-3,0,0.238,SpaceX-E
STARLINK-35035,2025-192D,2026-05-11T02:59:42.000029,15.30213781,.0001135,53.1588,302.3919,81.3224,246.9362,0,C,65407,131,1,-.14963E-2,-.44397E-3,0,0.221,SpaceX-E
STARLINK-35035,2025-192D,2026-05-11T06:13:42.000010,15.30186082,.0001125,53.1588,301.7654,89.6092,261.2188,0,C,65407,131,1,.98007E-4,.29075E-4,0,0.263,SpaceX-E
STARLINK-35035,2025-192D,2026-05-11T07:49:42.000038,15.30169605,.0001113,53.1586,301.4554,91.8579,266.4265,0,C,65407,131,1,.12582E-2,.37328E-3,0,0.204,SpaceX-E
STARLINK-35035,2025-192D,2026-05-11T11:03:42.000019,15.30180193,.0001177,53.1588,300.8296,92.7575,288.0769,0,C,65407,131,1,.10314E-2,.30606E-3,0,0.183,SpaceX-E
STARLINK-35035,2025-192D,2026-05-11T12:40:42.000010,15.30198778,.0001171,53.1588,300.5171,91.6797,300.4270,0,C,65407,131,1,-.39534E-4,-.11732E-4,0,0.172,SpaceX-E
STARLINK-35035,2025-192D,2026-05-11T15:54:41.999990,15.30211236,.0001172,53.1587,299.8922,85.9099,328.7554,0,C,65407,131,1,-.12054E-2,-.35767E-3,0,0.158,SpaceX-E
STARLINK-35035,2025-192D,2026-05-11T18:15:42.000019,15.30196841,.0001193,53.1586,299.4378,81.7072,152.6589,0,C,65407,131,1,-.47218E-3,-.14009E-3,0,0.167,SpaceX-E
STARLINK-35035,2025-192D,2026-05-11T20:24:41.999990,15.30178923,.0001195,53.1588,299.0221,81.0420,287.0920,0,C,65407,131,1,.82918E-3,.24602E-3,0,0.188,SpaceX-E
STARLINK-35035,2025-192D,2026-05-11T23:38:41.999971,15.30184501,.0001121,53.1583,298.3961,78.4042,312.2838,0,C,65407,131,1,.83131E-3,.24669E-3,0,0.178,SpaceX-E
STARLINK-35035,2025-192D,2026-05-12T01:15:41.999962,15.30203970,.000114,53.1582,298.0828,80.4247,321.5366,0,C,65407,132,1,-.46196E-3,-.13709E-3,0,0.211,SpaceX-E
STARLINK-35035,2025-192D,2026-05-12T03:14:41.999971,15.30216159,.0001154,53.1583,297.6984,86.1699,51.2767,0,C,65407,132,1,-.15549E-2,-.46138E-3,0,0.212,SpaceX-E
STARLINK-35035,2025-192D,2026-05-12T05:35:42.000000,15.30198906,.0001151,53.1583,297.2431,91.0643,226.0854,0,C,65407,132,1,-.8228E-3,-.24409E-3,0,0.238,SpaceX-E
STARLINK-35035,2025-192D,2026-05-12T08:17:42.000000,15.30178612,.0001179,53.1580,296.7200,93.5992,123.6310,0,C,65407,132,1,.32513E-3,.96444E-4,0,0.187,SpaceX-E
STARLINK-35035,2025-192D,2026-05-12T10:38:42.000029,15.30177760,.0001246,53.1582,296.2652,95.4501,301.4709,0,C,65407,132,1,.55118E-3,.16351E-3,0,0.160,SpaceX-E
STARLINK-35035,2025-192D,2026-05-12T13:09:42.000019,15.30192648,.000124,53.1582,295.7788,94.5200,160.3640,0,C,65407,132,1,-.36602E-3,-.10859E-3,0,0.173,SpaceX-E
STARLINK-35035,2025-192D,2026-05-12T15:40:42.000010,15.30195506,.000123,53.1580,295.2923,88.5615,24.2924,0,C,65407,132,1,-.60954E-3,-.18082E-3,0,0.155,SpaceX-E
STARLINK-35035,2025-192D,2026-05-12T17:49:41.999981,15.30183529,.0001256,53.1580,294.8767,84.3761,162.2427,0,C,65407,132,1,.17296E-3,.5131E-4,0,0.162,SpaceX-E
STARLINK-35035,2025-192D,2026-05-12T20:01:42.000010,15.30169756,.0001251,53.1581,294.4512,83.6826,308.1827,0,C,65407,132,1,.12767E-2,.37878E-3,0,0.171,SpaceX-E
STARLINK-35035,2025-192D,2026-05-12T21:59:41.999971,15.30165968,.0001209,53.1578,294.0705,80.9570,42.5654,0,C,65407,132,1,.17912E-2,.53146E-3,0,0.135,SpaceX-E
STARLINK-35035,2025-192D,2026-05-13T00:09:41.999990,15.30197250,.0001186,53.1576,293.6508,83.2847,177.8161,0,C,65407,133,1,-.18939E-3,-.56196E-4,0,0.221,SpaceX-E
STARLINK-35035,2025-192D,2026-05-14T00:51:42.000019,15.30209026,.0001231,53.1570,288.8697,84.6302,89.0095,0,C,65407,134,1,-.92184E-3,-.27354E-3,0,0.215,SpaceX-E
STARLINK-35035,2025-192D,2026-05-14T03:12:41.999962,15.30213783,.0001211,53.1570,288.4143,88.2178,265.1181,0,C,65407,134,1,-.16265E-2,-.48255E-3,0,0.203,SpaceX-E
STARLINK-35035,2025-192D,2026-05-14T05:22:41.999981,15.30188876,.000116,53.1570,287.9946,91.9734,38.9625,0,C,65407,134,1,-.17762E-3,-.52691E-4,0,0.240,SpaceX-E
STARLINK-35035,2025-192D,2026-05-14T07:31:42.000038,15.30171147,.0001201,53.1568,287.5780,92.6594,172.0444,0,C,65407,134,1,.99961E-3,.29654E-3,0,0.173,SpaceX-E
STARLINK-35035,2025-192D,2026-05-14T11:29:41.999971,15.30191640,.0001239,53.1571,286.8106,91.4878,4.1770,0,C,65407,134,1,.85709E-4,.25431E-4,0,0.182,SpaceX-E
STARLINK-35035,2025-192D,2026-05-14T13:28:41.999981,15.30203070,.0001221,53.1571,286.4273,89.0771,102.0722,0,C,65407,134,1,-.65968E-3,-.19574E-3,0,0.174,SpaceX-E
STARLINK-35035,2025-192D,2026-05-14T15:05:41.999971,15.30200379,.0001217,53.1570,286.1148,85.5189,116.9116,0,C,65407,134,1,-.66114E-3,-.19616E-3,0,0.160,SpaceX-E
STARLINK-35035,2025-192D,2026-05-14T17:04:41.999981,15.30192258,.0001249,53.1570,285.7314,82.2775,215.6418,0,C,65407,134,1,-.26085E-3,-.77388E-4,0,0.165,SpaceX-E
STARLINK-35035,2025-192D,2026-05-14T19:14:42.000000,15.30174256,.0001226,53.1570,285.3123,81.7903,353.7233,0,C,65407,134,1,.10162E-2,.3015E-3,0,0.179,SpaceX-E
STARLINK-35035,2025-192D,2026-05-14T23:43:42.000038,15.30198619,.000118,53.1566,284.4440,81.1646,303.9664,0,C,65407,134,1,-.25482E-3,-.75614E-4,0,0.213,SpaceX-E
STARLINK-35035,2025-192D,2026-05-15T01:52:42.000010,15.30214670,.0001196,53.1566,284.0273,87.1362,71.7545,0,C,65407,135,1,-.15729E-2,-.46668E-3,0,0.214,SpaceX-E
STARLINK-35035,2025-192D,2026-05-15T03:51:42.000019,15.30203734,.0001179,53.1568,283.6430,90.7346,163.6485,0,C,65407,135,1,-.10842E-2,-.32165E-3,0,0.251,SpaceX-E
STARLINK-35035,2025-192D,2026-05-15T05:49:41.999981,15.30177495,.0001189,53.1566,283.2620,94.9112,251.1402,0,C,65407,135,1,.49567E-3,.14704E-3,0,0.217,SpaceX-E
STARLINK-35035,2025-192D,2026-05-15T07:58:42.000038,15.30174061,.0001224,53.1566,282.8456,96.2354,23.5773,0,C,65407,135,1,.80821E-3,.23976E-3,0,0.173,SpaceX-E
STARLINK-35035,2025-192D,2026-05-15T09:56:42.000000,15.30181569,.0001276,53.1568,282.4651,97.1938,114.2719,0,C,65407,135,1,.6005E-3,.17817E-3,0,0.161,SpaceX-E
STARLINK-35035,2025-192D,2026-05-15T12:05:41.999971,15.30199665,.0001238,53.1569,282.0495,94.5972,250.6250,0,C,65407,135,1,-.40551E-3,-.12032E-3,0,0.167,SpaceX-E
STARLINK-35035,2025-192D,2026-05-15T14:03:42.000019,15.30202984,.0001238,53.1568,281.6693,90.5396,346.3424,0,C,65407,135,1,-.69776E-3,-.20703E-3,0,0.161,SpaceX-E
STARLINK-35035,2025-192D,2026-05-15T16:12:41.999990,15.30192048,.0001248,53.1567,281.2536,86.3219,124.3272,0,C,65407,135,1,-.64633E-4,-.19177E-4,0,0.156,SpaceX-E
STARLINK-35035,2025-192D,2026-05-15T18:23:41.999971,15.30180110,.0001268,53.1569,280.8315,84.8004,267.2695,0,C,65407,135,1,.10151E-2,.30123E-3,0,0.186,SpaceX-E
STARLINK-35035,2025-192D,2026-05-15T22:30:41.999990,15.30197787,.0001192,53.1565,280.0345,84.0690,133.4170,0,C,65407,135,1,.55667E-3,.16524E-3,0,0.215,SpaceX-E
STARLINK-35035,2025-192D,2026-05-16T00:39:41.999962,15.30232281,.0001151,53.1565,279.6177,84.1384,267.1059,0,C,65407,136,1,-.19122E-2,-.56757E-3,0,0.251,SpaceX-E
STARLINK-35035,2025-192D,2026-05-16T02:37:42.000010,15.30237360,.0001169,53.1566,279.2366,87.8422,355.0672,0,C,65407,136,1,-.26118E-2,-.77511E-3,0,0.207,SpaceX-E
STARLINK-35035,2025-192D,2026-05-16T04:46:41.999981,15.30209091,.0001118,53.1566,278.8199,88.9100,127.7788,0,C,65407,136,1,-.10688E-2,-.31713E-3,0,0.259,SpaceX-E
STARLINK-35035,2025-192D,2026-05-16T06:44:42.000029,15.30181411,.000115,53.1565,278.4391,90.4233,217.9369,0,C,65407,136,1,.62017E-3,.184E-3,0,0.189,SpaceX-E
STARLINK-35035,2025-192D,2026-05-16T08:53:42.000000,15.30175068,.0001175,53.1567,278.0228,89.8930,352.2310,0,C,65407,136,1,.1323E-2,.39259E-3,0,0.164,SpaceX-E
STARLINK-35035,2025-192D,2026-05-16T10:51:41.999962,15.30195265,.000123,53.1569,277.6427,88.7802,84.9956,0,C,65407,136,1,.36353E-3,.10789E-3,0,0.222,SpaceX-E
STARLINK-35035,2025-192D,2026-05-16T13:00:42.000019,15.30225175,.0001168,53.1569,277.2271,86.1791,221.3550,0,C,65407,136,1,-.19078E-2,-.56615E-3,0,0.256,SpaceX-E
STARLINK-35035,2025-192D,2026-05-16T14:58:41.999981,15.30229405,.0001236,53.1568,276.8469,82.7933,316.4033,0,C,65407,136,1,-.2718E-2,-.80637E-3,0,0.212,SpaceX-E
STARLINK-35035,2025-192D,2026-05-16T17:07:42.000038,15.30202026,.0001237,53.1568,276.4312,81.5882,91.3810,0,C,65407,136,1,-.17364E-2,-.51496E-3,0,0.289,SpaceX-E
STARLINK-35035,2025-192D,2026-05-16T19:05:42.000000,15.30159862,.0001275,53.1569,276.0508,80.6713,183.9676,0,C,65407,136,1,.70211E-3,.20818E-3,0,0.272,SpaceX-E
STARLINK-35035,2025-192D,2026-05-16T21:13:42.000010,15.30145672,.0001204,53.1566,275.6378,82.0516,312.5188,0,C,65407,136,1,.16257E-2,.48203E-3,0,0.164,SpaceX-E
STARLINK-35035,2025-192D,2026-05-16T23:10:42.000010,15.30171945,.0001212,53.1566,275.2599,83.7446,38.6408,0,C,65407,136,1,.19087E-3,.56602E-4,0,0.209,SpaceX-E
STARLINK-35035,2025-192D,2026-05-17T01:19:41.999981,15.30184752,.0001181,53.1567,274.8432,88.0508,168.0877,0,C,65407,137,1,-.57211E-3,-.16967E-3,0,0.211,SpaceX-E
STARLINK-35035,2025-192D,2026-05-17T03:17:42.000029,15.30167394,.0001194,53.1568,274.4621,92.8859,254.9119,0,C,65407,137,1,.59146E-3,.17541E-3,0,0.261,SpaceX-E
STARLINK-35035,2025-192D,2026-05-17T05:26:42.000000,15.30150706,.0001147,53.1567,274.0457,95.2938,26.2652,0,C,65407,137,1,.19371E-2,.57453E-3,0,0.212,SpaceX-E
STARLINK-35035,2025-192D,2026-05-17T07:24:41.999962,15.30159711,.000119,53.1567,273.6648,96.6770,116.5310,0,C,65407,137,1,.17024E-2,.50502E-3,0,0.195,SpaceX-E
STARLINK-35035,2025-192D,2026-05-17T11:31:41.999981,15.30200602,.0001191,53.1570,272.8688,93.8629,344.7473,0,C,65407,137,1,-.40166E-3,-.11919E-3,0,0.179,SpaceX-E
STARLINK-35035,2025-192D,2026-05-17T13:40:42.000038,15.30199309,.0001181,53.1570,272.4533,89.5911,122.7841,0,C,65407,137,1,-.45105E-3,-.13383E-3,0,0.165,SpaceX-E
STARLINK-35035,2025-192D,2026-05-17T15:38:42.000000,15.30194431,.0001201,53.1570,272.0731,85.5855,218.4505,0,C,65407,137,1,-.10742E-3,-.31872E-4,0,0.163,SpaceX-E
STARLINK-35035,2025-192D,2026-05-17T17:36:41.999962,15.30181446,.0001202,53.1571,271.6928,84.7238,310.9745,0,C,65407,137,1,.91924E-3,.27277E-3,0,0.194,SpaceX-E
STARLINK-35035,2025-192D,2026-05-17T19:46:41.999981,15.30168694,.0001146,53.1570,271.2736,81.6418,91.6503,0,C,65407,137,1,.21427E-2,.63591E-3,0,0.117,SpaceX-E
STARLINK-35035,2025-192D,2026-05-17T21:55:42.000038,15.30199318,.0001101,53.1568,270.8571,82.5999,224.4452,0,C,65407,137,1,.37385E-3,.11097E-3,0,0.215,SpaceX-E
STARLINK-35035,2025-192D,2026-05-17T23:53:42.000000,15.30226393,.0001136,53.1569,270.4760,83.8186,314.8815,0,C,65407,137,1,-.16634E-2,-.49368E-3,0,0.242,SpaceX-E
STARLINK-35035,2025-192D,2026-05-18T01:52:42.000010,15.30229885,.000114,53.1570,270.0917,88.7359,45.4553,0,C,65407,138,1,-.23669E-2,-.70234E-3,0,0.216,SpaceX-E
STARLINK-35035,2025-192D,2026-05-18T03:51:42.000019,15.30202377,.0001123,53.1571,269.7073,89.6085,140.0828,0,C,65407,138,1,-.96036E-3,-.28491E-3,0,0.261,SpaceX-E
STARLINK-35035,2025-192D,2026-05-18T06:00:41.999990,15.30173956,.0001154,53.1569,269.2909,92.4107,271.0537,0,C,65407,138,1,.68487E-3,.20316E-3,0,0.178,SpaceX-E
STARLINK-35035,2025-192D,2026-05-18T07:59:42.000000,15.30172043,.0001215,53.1571,268.9069,91.7424,7.2061,0,C,65407,138,1,.10099E-2,.29959E-3,0,0.166,SpaceX-E
STARLINK-35035,2025-192D,2026-05-18T09:57:41.999962,15.30186529,.0001239,53.1573,268.5268,91.0244,99.5754,0,C,65407,138,1,.38505E-3,.11425E-3,0,0.181,SpaceX-E
STARLINK-35035,2025-192D,2026-05-18T11:56:41.999971,15.30200393,.0001203,53.1572,268.1434,86.7525,199.3308,0,C,65407,138,1,-.18497E-3,-.5489E-4,0,0.174,SpaceX-E
STARLINK-35035,2025-192D,2026-05-18T16:03:41.999990,15.30189806,.0001225,53.1572,267.3477,79.4877,72.0226,0,C,65407,138,1,.51902E-3,.15402E-3,0,0.175,SpaceX-E
STARLINK-35035,2025-192D,2026-05-18T18:13:42.000010,15.30174416,.0001242,53.1574,266.9287,77.0000,212.1051,0,C,65407,138,1,.18849E-2,.55944E-3,0,0.172,SpaceX-E
STARLINK-35035,2025-192D,2026-05-18T20:22:41.999981,15.30183019,.0001178,53.1571,266.5125,74.9365,347.9285,0,C,65407,138,1,.16601E-2,.49279E-3,0,0.163,SpaceX-E
STARLINK-35035,2025-192D,2026-05-18T22:32:42.000000,15.30217117,.0001207,53.1571,266.0927,79.5878,120.8602,0,C,65407,138,1,-.57066E-3,-.16941E-3,0,0.265,SpaceX-E
STARLINK-35035,2025-192D,2026-05-19T02:18:41.999962,15.30234329,.0001145,53.1573,265.3627,88.7309,256.7684,0,C,65407,139,1,-.26813E-2,-.79562E-3,0,0.261,SpaceX-E
STARLINK-35035,2025-192D,2026-05-19T04:17:41.999971,15.30203440,.0001122,53.1572,264.9785,94.3670,346.6339,0,C,65407,139,1,-.1236E-2,-.36666E-3,0,0.280,SpaceX-E
STARLINK-35035,2025-192D,2026-05-19T06:16:41.999981,15.30182975,.0001149,53.1571,264.5944,96.6623,79.8324,0,C,65407,139,1,-.18825E-3,-.55835E-4,0,0.228,SpaceX-E
STARLINK-35035,2025-192D,2026-05-19T08:25:42.000038,15.30168467,.0001214,53.1574,264.1783,99.4092,210.8494,0,C,65407,139,1,.88E-3,.26102E-3,0,0.175,SpaceX-E
STARLINK-35035,2025-192D,2026-05-19T10:24:41.999962,15.30187703,.0001176,53.1574,263.7950,96.4407,309.2949,0,C,65407,139,1,-.70155E-4,-.20812E-4,0,0.180,SpaceX-E
STARLINK-35035,2025-192D,2026-05-19T14:32:42.000029,15.30193060,.0001191,53.1573,262.9961,88.3363,186.6468,0,C,65407,139,1,-.38707E-3,-.11483E-3,0,0.159,SpaceX-E
STARLINK-35035,2025-192D,2026-05-19T16:31:42.000038,15.30182022,.0001223,53.1575,262.6127,86.7059,283.7650,0,C,65407,139,1,.44898E-3,.1332E-3,0,0.197,SpaceX-E
STARLINK-35035,2025-192D,2026-05-19T18:41:41.999971,15.30162545,.000116,53.1575,262.1936,84.0314,64.0343,0,C,65407,139,1,.2112E-2,.62668E-3,0,0.123,SpaceX-E
STARLINK-35035,2025-192D,2026-05-19T21:44:42.000029,15.30194710,.0001182,53.1572,261.6027,85.3498,43.1576,0,C,65407,139,1,.41057E-3,.12185E-3,0,0.222,SpaceX-E
STARLINK-35035,2025-192D,2026-05-20T00:04:42.000010,15.30229255,.0001135,53.1573,261.1506,92.3414,212.0263,0,C,65407,140,1,-.22861E-2,-.67837E-3,0,0.264,SpaceX-E
STARLINK-35035,2025-192D,2026-05-20T02:35:42.000000,15.30212552,.0001141,53.1574,260.6629,99.7755,62.5729,0,C,65407,140,1,-.18581E-2,-.55118E-3,0,0.293,SpaceX-E
STARLINK-35035,2025-192D,2026-05-20T04:33:41.999962,15.30183315,.0001178,53.1573,260.2819,102.1379,151.8803,0,C,65407,140,1,-.308E-3,-.91347E-4,0,0.265,SpaceX-E
STARLINK-35035,2025-192D,2026-05-20T06:53:42.000029,15.30164295,.0001234,53.1574,259.8301,105.8853,324.0020,0,C,65407,140,1,.9289E-3,.27549E-3,0,0.188,SpaceX-E
STARLINK-35035,2025-192D,2026-05-20T09:13:42.000010,15.30174056,.0001242,53.1575,259.3790,106.7060,139.0375,0,C,65407,140,1,.56247E-3,.16684E-3,0,0.176,SpaceX-E
STARLINK-35035,2025-192D,2026-05-20T11:33:41.999990,15.30195652,.0001202,53.1576,258.9280,100.4965,321.1051,0,C,65407,140,1,-.57753E-3,-.17133E-3,0,0.184,SpaceX-E
STARLINK-35035,2025-192D,2026-05-20T13:53:41.999971,15.30189106,.0001186,53.1575,258.4770,95.0083,142.4606,0,C,65407,140,1,-.33271E-3,-.98694E-4,0,0.176,SpaceX-E
STARLINK-35035,2025-192D,2026-05-20T16:13:42.000038,15.30175801,.0001205,53.1577,258.0259,92.5989,320.7364,0,C,65407,140,1,.56559E-3,.16778E-3,0,0.213,SpaceX-E
STARLINK-35035,2025-192D,2026-05-20T18:44:42.000029,15.30157853,.0001144,53.1576,257.5391,89.2964,182.0096,0,C,65407,140,1,.20973E-2,.62223E-3,0,0.135,SpaceX-E
STARLINK-35035,2025-192D,2026-05-20T21:14:41.999971,15.30187206,.0001138,53.1574,257.0547,88.8722,36.5629,0,C,65407,140,1,.38705E-3,.11484E-3,0,0.215,SpaceX-E
STARLINK-35035,2025-192D,2026-05-20T23:34:42.000038,15.30212691,.0001122,53.1575,256.6025,94.4547,206.8397,0,C,65407,140,1,-.15417E-2,-.45741E-3,0,0.221,SpaceX-E
STARLINK-35035,2025-192D,2026-05-21T02:05:42.000029,15.30194440,.0001131,53.1577,256.1148,100.5803,58.6920,0,C,65407,141,1,-.48E-3,-.1424E-3,0,0.276,SpaceX-E
STARLINK-35035,2025-192D,2026-05-21T04:25:42.000010,15.30167953,.0001181,53.1575,255.6628,103.7643,231.3828,0,C,65407,141,1,.12673E-2,.37596E-3,0,0.197,SpaceX-E
STARLINK-35035,2025-192D,2026-05-21T06:45:41.999990,15.30174915,.000124,53.1576,255.2111,104.5838,46.4237,0,C,65407,141,1,.12271E-2,.36411E-3,0,0.174,SpaceX-E
STARLINK-35035,2025-192D,2026-05-21T09:06:42.000019,15.30197076,.0001216,53.1578,254.7567,103.1938,227.4993,0,C,65407,141,1,.29808E-3,.88468E-4,0,0.180,SpaceX-E
STARLINK-35035,2025-192D,2026-05-21T12:31:42.000010,15.30222494,.0001204,53.1577,254.0964,93.6641,301.6900,0,C,65407,141,1,-.17644E-2,-.52357E-3,0,0.205,SpaceX-E
STARLINK-35035,2025-192D,2026-05-21T14:52:42.000038,15.30203527,.0001203,53.1577,253.6420,88.2354,126.8221,0,C,65407,141,1,-.10171E-2,-.30176E-3,0,0.238,SpaceX-E
STARLINK-35035,2025-192D,2026-05-21T17:33:41.999990,15.30166020,.0001149,53.1579,253.1230,84.6850,26.6309,0,C,65407,141,1,.14472E-2,.42932E-3,0,0.197,SpaceX-E
STARLINK-35035,2025-192D,2026-05-21T19:43:42.000010,15.30171658,.0001138,53.1576,252.7035,82.8977,166.0036,0,C,65407,141,1,.13478E-2,.39991E-3,0,0.193,SpaceX-E
STARLINK-35035,2025-192D,2026-05-21T22:57:41.999990,15.30216278,.0001119,53.1577,252.0768,88.2994,183.1474,0,C,65407,141,1,-.12527E-2,-.37176E-3,0,0.226,SpaceX-E
STARLINK-35035,2025-192D,2026-05-22T00:45:41.999990,15.30211931,.000114,53.1578,251.7280,91.8841,232.9498,0,C,65407,142,1,-.11035E-2,-.32746E-3,0,0.237,SpaceX-E
STARLINK-35035,2025-192D,2026-05-22T02:22:41.999981,15.30190781,.000114,53.1578,251.4147,95.7546,240.3671,0,C,65407,142,1,.19353E-3,.57424E-4,0,0.260,SpaceX-E
STARLINK-35035,2025-192D,2026-05-22T05:36:41.999962,15.30171384,.0001183,53.1576,250.7885,98.9091,259.7760,0,C,65407,142,1,.16208E-2,.48094E-3,0,0.178,SpaceX-E
STARLINK-35035,2025-192D,2026-05-22T07:13:42.000038,15.30180551,.0001203,53.1579,250.4757,99.1661,270.7932,0,C,65407,142,1,.13802E-2,.40963E-3,0,0.177,SpaceX-E
STARLINK-35035,2025-192D,2026-05-22T08:51:41.999990,15.30202113,.0001186,53.1579,250.1600,96.6862,288.3734,0,C,65407,142,1,.33582E-3,.99687E-4,0,0.185,SpaceX-E
STARLINK-35035,2025-192D,2026-05-22T12:04:42.000010,15.30234852,.0001244,53.1579,249.5382,90.4277,313.3625,0,C,65407,142,1,-.23452E-2,-.69601E-3,0,0.221,SpaceX-E
STARLINK-35035,2025-192D,2026-05-22T13:41:42.000000,15.30230891,.0001297,53.1579,249.2257,88.3406,326.7343,0,C,65407,142,1,-.26347E-2,-.78174E-3,0,0.196,SpaceX-E
STARLINK-35035,2025-192D,2026-05-22T15:18:41.999990,15.30209809,.0001319,53.1580,248.9130,87.6652,338.6978,0,C,65407,142,1,-.16296E-2,-.48343E-3,0,0.267,SpaceX-E
STARLINK-35035,2025-192D,2026-05-22T21:02:42.000000,15.30187694,.0001262,53.1578,247.8029,87.3325,215.7313,0,C,65407,142,1,-.19534E-3,-.57946E-4,0,0.236,SpaceX-E
STARLINK-35035,2025-192D,2026-05-23T00:15:42.000019,15.30196382,.0001293,53.1580,247.1795,92.6858,229.1043,0,C,65407,143,1,-.64093E-3,-.19014E-3,0,0.235,SpaceX-E
STARLINK-35035,2025-192D,2026-05-23T02:00:41.999962,15.30174250,.0001285,53.1579,246.8404,96.7315,266.9642,0,C,65407,143,1,.71319E-3,.21156E-3,0,0.252,SpaceX-E
STARLINK-35035,2025-192D,2026-05-23T05:14:42.000029,15.30163105,.0001324,53.1577,246.2141,98.5430,287.7079,0,C,65407,143,1,.17352E-2,.51481E-3,0,0.181,SpaceX-E
STARLINK-35035,2025-192D,2026-05-23T06:51:42.000019,15.30175950,.0001349,53.1579,245.9014,98.3438,299.1782,0,C,65407,143,1,.12519E-2,.37146E-3,0,0.182,SpaceX-E
STARLINK-35035,2025-192D,2026-05-23T08:28:42.000010,15.30198972,.000132,53.1580,245.5889,95.9368,312.8562,0,C,65407,143,1,-.3961E-4,-.11755E-4,0,0.213,SpaceX-E
STARLINK-35035,2025-192D,2026-05-23T11:41:42.000029,15.30222183,.0001324,53.1580,244.9672,88.6768,338.8456,0,C,65407,143,1,-.20226E-2,-.60014E-3,0,0.216,SpaceX-E
STARLINK-35035,2025-192D,2026-05-23T13:18:42.000019,15.30214537,.0001345,53.1580,244.6546,85.7151,353.0907,0,C,65407,143,1,-.18569E-2,-.55087E-3,0,0.213,SpaceX-E
STARLINK-35035,2025-192D,2026-05-23T14:56:41.999971,15.30193896,.0001336,53.1581,244.3388,83.4383,10.4811,0,C,65407,143,1,-.66539E-3,-.19738E-3,0,0.269,SpaceX-E
STARLINK-35035,2025-192D,2026-05-23T16:43:42.000010,15.30162391,.0001289,53.1582,243.9938,79.2875,64.1962,0,C,65407,143,1,.1423E-2,.42211E-3,0,0.206,SpaceX-E
STARLINK-35035,2025-192D,2026-05-23T19:57:41.999990,15.30182280,.0001313,53.1579,243.3675,79.0008,87.0282,0,C,65407,143,1,.55933E-3,.16595E-3,0,0.225,SpaceX-E
STARLINK-35035,2025-192D,2026-05-23T21:34:41.999981,15.30205393,.0001285,53.1579,243.0542,82.0145,95.2864,0,C,65407,143,1,-.82793E-3,-.24566E-3,0,0.232,SpaceX-E
STARLINK-35035,2025-192D,2026-05-24T00:05:41.999971,15.30203304,.0001263,53.1580,242.5664,87.3153,307.9587,0,C,65407,144,1,-.91813E-3,-.2724E-3,0,0.253,SpaceX-E
STARLINK-35035,2025-192D,2026-05-24T01:42:41.999962,15.30182982,.0001227,53.1580,242.2532,90.4592,316.1006,0,C,65407,144,1,.27752E-3,.8233E-4,0,0.262,SpaceX-E
STARLINK-35035,2025-192D,2026-05-24T04:57:41.999990,15.30168005,.0001268,53.1578,241.6237,92.8378,340.1083,0,C,65407,144,1,.14556E-2,.43187E-3,0,0.181,SpaceX-E
STARLINK-35035,2025-192D,2026-05-24T06:34:41.999981,15.30178428,.0001304,53.1580,241.3109,92.9562,351.2625,0,C,65407,144,1,.11261E-2,.33417E-3,0,0.183,SpaceX-E
STARLINK-35035,2025-192D,2026-05-24T08:11:41.999971,15.30196966,.0001296,53.1580,240.9984,90.7546,4.7369,0,C,65407,144,1,.19258E-3,.57154E-4,0,0.185,SpaceX-E
STARLINK-35035,2025-192D,2026-05-24T11:25:42.000038,15.30215103,.0001287,53.1579,240.3735,86.0953,31.9547,0,C,65407,144,1,-.12173E-2,-.36125E-3,0,0.167,SpaceX-E
STARLINK-35035,2025-192D,2026-05-24T13:02:42.000029,15.30210358,.0001298,53.1579,240.0610,84.3546,44.9781,0,C,65407,144,1,-.10539E-2,-.31274E-3,0,0.161,SpaceX-E
STARLINK-35035,2025-192D,2026-05-24T14:39:42.000019,15.30195481,.0001291,53.1581,239.7484,82.8636,57.7539,0,C,65407,144,1,-.11879E-3,-.35248E-4,0,0.216,SpaceX-E
STARLINK-35035,2025-192D,2026-05-24T17:53:42.000000,15.30171622,.000125,53.1579,239.1226,80.2782,82.9051,0,C,65407,144,1,.17461E-2,.51817E-3,0,0.145,SpaceX-E
STARLINK-35035,2025-192D,2026-05-24T19:30:41.999990,15.30193130,.0001269,53.1578,238.8094,82.6709,91.7842,0,C,65407,144,1,.40668E-3,.12069E-3,0,0.253,SpaceX-E
STARLINK-35035,2025-192D,2026-05-24T21:07:41.999981,15.30221839,.0001255,53.1577,238.4960,86.4899,99.2381,0,C,65407,144,1,-.15434E-2,-.45803E-3,0,0.289,SpaceX-E
STARLINK-35035,2025-192D,2026-05-25T00:21:41.999962,15.30217101,.0001205,53.1579,237.8694,93.8777,114.4179,0,C,65407,145,1,-.19098E-2,-.56659E-3,0,0.312,SpaceX-E
STARLINK-35035,2025-192D,2026-05-25T01:58:42.000038,15.30189811,.0001207,53.1577,237.5562,96.0696,123.5159,0,C,65407,145,1,-.40693E-3,-.12071E-3,0,0.314,SpaceX-E
STARLINK-35035,2025-192D,2026-05-25T03:35:42.000029,15.30171028,.0001245,53.1576,237.2430,98.1052,132.7646,0,C,65407,145,1,.69774E-3,.20696E-3,0,0.245,SpaceX-E
STARLINK-35035,2025-192D,2026-05-25T05:12:42.000019,15.30164666,.0001281,53.1577,236.9301,100.3168,141.8306,0,C,65407,145,1,.12737E-2,.37782E-3,0,0.194,SpaceX-E
STARLINK-35035,2025-192D,2026-05-25T08:26:42.000000,15.30197791,.0001265,53.1579,236.3051,98.5381,166.1523,0,C,65407,145,1,-.29292E-3,-.86916E-4,0,0.213,SpaceX-E
STARLINK-35035,2025-192D,2026-05-25T10:15:41.999962,15.30209714,.0001244,53.1578,235.9540,93.0768,228.8220,0,C,65407,145,1,-.12391E-2,-.36764E-3,0,0.208,SpaceX-E
STARLINK-35035,2025-192D,2026-05-25T12:35:42.000029,15.30201986,.0001261,53.1577,235.5029,87.9850,49.7844,0,C,65407,145,1,-.10841E-2,-.32161E-3,0,0.203,SpaceX-E
STARLINK-35035,2025-192D,2026-05-25T14:12:42.000019,15.30184049,.0001257,53.1579,235.1903,85.0983,63.9545,0,C,65407,145,1,.86386E-6,.25625E-6,0,0.248,SpaceX-E
STARLINK-35035,2025-192D,2026-05-25T17:59:42.000029,15.30166038,.0001208,53.1575,234.4580,81.0250,216.8960,0,C,65407,145,1,.16124E-2,.47838E-3,0,0.171,SpaceX-E
STARLINK-35035,2025-192D,2026-05-25T19:36:42.000019,15.30190850,.0001199,53.1574,234.1447,82.3434,226.8466,0,C,65407,145,1,.20205E-3,.59954E-4,0,0.217,SpaceX-E
STARLINK-35035,2025-192D,2026-05-25T21:13:42.000010,15.30207933,.0001201,53.1575,233.8314,86.1071,234.3571,0,C,65407,145,1,-.92707E-3,-.27509E-3,0,0.235,SpaceX-E
STARLINK-35035,2025-192D,2026-05-26T00:27:41.999990,15.30200312,.0001205,53.1576,233.2049,94.3844,248.6442,0,C,65407,146,1,-.76925E-3,-.22822E-3,0,0.238,SpaceX-E
STARLINK-35035,2025-192D,2026-05-26T02:04:41.999981,15.30183755,.0001203,53.1574,232.8917,97.4421,256.8718,0,C,65407,146,1,.21134E-3,.62698E-4,0,0.211,SpaceX-E
STARLINK-35035,2025-192D,2026-05-26T05:19:42.000010,15.30176525,.0001272,53.1575,232.2627,99.9772,280.7213,0,C,65407,146,1,.85062E-3,.25236E-3,0,0.167,SpaceX-E
STARLINK-35035,2025-192D,2026-05-26T06:56:42.000000,15.30183577,.0001264,53.1576,231.9501,100.1444,291.8292,0,C,65407,146,1,.50736E-3,.15053E-3,0,0.175,SpaceX-E
STARLINK-35035,2025-192D,2026-05-26T08:33:41.999990,15.30200079,.0001223,53.1575,231.6376,96.0051,307.2420,0,C,65407,146,1,-.42839E-3,-.12711E-3,0,0.194,SpaceX-E
STARLINK-35035,2025-192D,2026-05-26T11:48:42.000019,15.30209513,.000125,53.1574,231.0095,88.5002,341.1328,0,C,65407,146,1,-.1388E-2,-.41179E-3,0,0.169,SpaceX-E
STARLINK-35035,2025-192D,2026-05-26T13:25:42.000010,15.30199542,.0001261,53.1575,230.6969,86.4632,354.4518,0,C,65407,146,1,-.93471E-3,-.27728E-3,0,0.195,SpaceX-E
STARLINK-35035,2025-192D,2026-05-26T15:13:42.000010,15.30174022,.000121,53.1575,230.3487,83.0895,51.2152,0,C,65407,146,1,.63048E-3,.18702E-3,0,0.206,SpaceX-E
STARLINK-35035,2025-192D,2026-05-26T18:27:41.999990,15.30172925,.0001206,53.1571,229.7225,80.3641,76.4929,0,C,65407,146,1,.76928E-3,.2282E-3,0,0.196,SpaceX-E
STARLINK-35035,2025-192D,2026-05-26T20:04:41.999981,15.30190606,.0001215,53.1570,229.4093,84.0682,84.0594,0,C,65407,146,1,-.31313E-3,-.92889E-4,0,0.213,SpaceX-E
STARLINK-35035,2025-192D,2026-05-26T22:34:42.000010,15.30195293,.0001198,53.1571,228.9248,89.7242,292.5443,0,C,65407,146,1,-.55018E-3,-.16322E-3,0,0.234,SpaceX-E
STARLINK-35035,2025-192D,2026-05-27T03:04:42.000010,15.30199780,.0001201,53.1569,228.0532,103.3548,232.3757,0,C,65407,147,1,.16741E-2,.49723E-3,0,0.176,SpaceX-E
STARLINK-35035,2025-192D,2026-05-27T05:14:42.000029,15.30214731,.0001249,53.1572,227.6338,103.6481,9.6738,0,C,65407,147,1,.86352E-3,.2565E-3,0,0.168,SpaceX-E
STARLINK-35035,2025-192D,2026-05-27T11:21:42.000019,15.30276844,.0001196,53.1569,226.4516,86.6782,351.4016,0,C,65407,147,1,-.44655E-2,-.13257E-2,0,0.291,SpaceX-E
STARLINK-35035,2025-192D,2026-05-27T13:20:42.000029,15.30252626,.0001184,53.1570,226.0680,82.5811,91.0058,0,C,65407,147,1,-.3839E-2,-.11392E-2,0,0.328,SpaceX-E
STARLINK-35035,2025-192D,2026-05-27T15:30:41.999962,15.30198153,.0001204,53.1569,225.6489,77.6149,233.5871,0,C,65407,147,1,-.10371E-2,-.30763E-3,0,0.360,SpaceX-E
STARLINK-35035,2025-192D,2026-05-27T18:12:41.999962,15.30166013,.0001178,53.1565,225.1259,73.5000,137.7859,0,C,65407,147,1,.57034E-3,.16913E-3,0,0.211,SpaceX-E
STARLINK-35035,2025-192D,2026-05-27T20:11:41.999971,15.30188959,.0001152,53.1565,224.7415,77.0335,229.7267,0,C,65407,147,1,-.92228E-3,-.27351E-3,0,0.238,SpaceX-E
STARLINK-35035,2025-192D,2026-05-27T22:21:41.999990,15.30189595,.0001153,53.1566,224.3217,83.7353,0.6108,0,C,65407,147,1,-.1192E-2,-.35345E-3,0,0.247,SpaceX-E
STARLINK-35035,2025-192D,2026-05-28T00:20:42.000000,15.30171628,.0001103,53.1565,223.9374,86.8957,92.9385,0,C,65407,148,1,-.19072E-3,-.56546E-4,0,0.256,SpaceX-E
STARLINK-35035,2025-192D,2026-05-28T02:30:42.000019,15.30154929,.0001141,53.1564,223.5179,90.9909,226.4329,0,C,65407,148,1,.91691E-3,.27186E-3,0,0.183,SpaceX-E
STARLINK-35035,2025-192D,2026-05-28T04:30:41.999990,15.30157846,.0001173,53.1565,223.1307,92.6373,324.0911,0,C,65407,148,1,.9572E-3,.28383E-3,0,0.170,SpaceX-E
STARLINK-35035,2025-192D,2026-05-28T06:40:42.000010,15.30173241,.0001186,53.1567,222.7120,92.8355,101.4706,0,C,65407,148,1,.63794E-4,.18918E-4,0,0.198,SpaceX-E
STARLINK-35035,2025-192D,2026-05-28T08:50:42.000029,15.30190875,.0001158,53.1566,222.2931,87.3164,244.5710,0,C,65407,148,1,-.10084E-2,-.29904E-3,0,0.186,SpaceX-E
STARLINK-35035,2025-192D,2026-05-28T10:49:42.000038,15.30189616,.0001202,53.1564,221.9098,83.7682,343.6030,0,C,65407,148,1,-.1107E-2,-.32828E-3,0,0.166,SpaceX-E
STARLINK-35035,2025-192D,2026-05-28T12:59:41.999971,15.30169909,.0001216,53.1565,221.4909,80.4917,124.4708,0,C,65407,148,1,.1707E-3,.50617E-4,0,0.218,SpaceX-E
STARLINK-35035,2025-192D,2026-05-28T17:18:41.999962,15.30160854,.000119,53.1560,220.6553,78.8137,37.4895,0,C,65407,148,1,.13209E-2,.39179E-3,0,0.185,SpaceX-E
STARLINK-35035,2025-192D,2026-05-28T19:38:42.000029,15.30190597,.0001155,53.1559,220.2032,82.8934,209.2619,0,C,65407,148,1,-.48153E-3,-.14284E-3,0,0.212,SpaceX-E
STARLINK-35035,2025-192D,2026-05-28T21:48:41.999962,15.30185724,.0001163,53.1561,219.7833,88.8298,340.9146,0,C,65407,148,1,.19986E-5,.59288E-6,0,0.257,SpaceX-E
STARLINK-35035,2025-192D,2026-05-29T00:08:42.000029,15.30164048,.0001131,53.1560,219.3313,91.0199,154.5953,0,C,65407,149,1,.17871E-2,.53021E-3,0,0.247,SpaceX-E
STARLINK-35035,2025-192D,2026-05-29T02:18:41.999962,15.30162461,.0001135,53.1558,218.9116,94.5168,288.6860,0,C,65407,149,1,.23226E-2,.68923E-3,0,0.186,SpaceX-E
STARLINK-35035,2025-192D,2026-05-29T06:27:41.999990,15.30213553,.0001185,53.1562,218.1090,95.4976,160.7653,0,C,65407,149,1,-.29289E-3,-.86948E-4,0,0.216,SpaceX-E
STARLINK-35035,2025-192D,2026-05-29T08:27:41.999962,15.30236742,.0001145,53.1562,217.7225,90.8955,264.6815,0,C,65407,149,1,-.23491E-2,-.6972E-3,0,0.241,SpaceX-E
STARLINK-35035,2025-192D,2026-05-29T10:36:42.000019,15.30234191,.0001181,53.1562,217.3069,88.8738,40.4745,0,C,65407,149,1,-.29833E-2,-.88511E-3,0,0.207,SpaceX-E
STARLINK-35035,2025-192D,2026-05-29T13:51:41.999962,15.30180730,.0001141,53.1564,216.6783,86.5979,69.1571,0,C,65407,149,1,-.9779E-4,-.29004E-4,0,0.297,SpaceX-E
STARLINK-35035,2025-192D,2026-05-29T16:12:41.999990,15.30156414,.000111,53.1562,216.2234,88.1788,247.2747,0,C,65407,149,1,.1568E-2,.46506E-3,0,0.164,SpaceX-E
STARLINK-35035,2025-192D,2026-05-29T18:21:41.999962,15.30181397,.0001106,53.1560,215.8068,90.1602,19.0422,0,C,65407,149,1,.75072E-4,.22268E-4,0,0.211,SpaceX-E
STARLINK-35035,2025-192D,2026-05-29T20:20:41.999971,15.30193325,.0001093,53.1561,215.4225,95.5480,109.1342,0,C,65407,149,1,-.68399E-3,-.20289E-3,0,0.215,SpaceX-E
STARLINK-35035,2025-192D,2026-05-29T22:18:42.000019,15.30179889,.0001101,53.1562,215.0414,98.8788,197.4647,0,C,65407,149,1,.36937E-3,.10957E-3,0,0.266,SpaceX-E
STARLINK-35035,2025-192D,2026-05-30T00:17:42.000029,15.30160149,.0001081,53.1561,214.6572,103.3228,288.5113,0,C,65407,150,1,.20011E-2,.59371E-3,0,0.212,SpaceX-E
STARLINK-35035,2025-192D,2026-05-30T02:15:41.999990,15.30168531,.0001113,53.1561,214.2764,103.9466,19.5403,0,C,65407,150,1,.19163E-2,.56868E-3,0,0.195,SpaceX-E
STARLINK-35035,2025-192D,2026-05-30T05:52:42.000038,15.30204797,.0001133,53.1563,213.5769,103.3133,130.7538,0,C,65407,150,1,.24488E-3,.72694E-4,0,0.177,SpaceX-E
STARLINK-35035,2025-192D,2026-05-30T07:40:42.000038,15.30225778,.0001082,53.1563,213.2289,98.0800,189.3689,0,C,65407,150,1,-.14645E-2,-.43468E-3,0,0.251,SpaceX-E
STARLINK-35035,2025-192D,2026-05-30T09:28:42.000038,15.30236095,.0001068,53.1562,212.8810,90.3567,250.4781,0,C,65407,150,1,-.27685E-2,-.8215E-3,0,0.242,SpaceX-E
STARLINK-35035,2025-192D,2026-05-30T11:16:42.000038,15.30229363,.0001114,53.1562,212.5330,85.6449,308.5796,0,C,65407,150,1,-.29601E-2,-.8781E-3,0,0.230,SpaceX-E
STARLINK-35035,2025-192D,2026-05-30T14:53:42.000000,15.30160839,.000104,53.1562,211.8333,77.5559,67.2850,0,C,65407,150,1,.91714E-3,.27197E-3,0,0.196,SpaceX-E
STARLINK-35035,2025-192D,2026-05-30T19:12:41.999990,15.30185507,.0001052,53.1560,210.9970,80.8575,335.3174,0,C,65407,150,1,-.55611E-3,-.16492E-3,0,0.219,SpaceX-E
STARLINK-35035,2025-192D,2026-05-30T21:00:41.999990,15.30182523,.0001022,53.1561,210.6482,86.3037,23.2515,0,C,65407,150,1,-.2178E-3,-.64597E-4,0,0.255,SpaceX-E
STARLINK-35035,2025-192D,2026-05-30T22:49:42.000038,15.30164357,.0000979,53.1561,210.2962,88.3290,78.4390,0,C,65407,150,1,.11862E-2,.35185E-3,0,0.265,SpaceX-E
STARLINK-35035,2025-192D,2026-05-31T02:35:42.000000,15.30165773,.0001037,53.1560,209.5667,92.0962,219.7040,0,C,65407,151,1,.1858E-2,.55131E-3,0,0.195,SpaceX-E
STARLINK-35035,2025-192D,2026-05-31T04:13:42.000038,15.30184655,.0001044,53.1562,209.2508,92.4787,234.4187,0,C,65407,151,1,.10103E-2,.29985E-3,0,0.167,SpaceX-E
STARLINK-35035,2025-192D,2026-05-31T06:13:42.000010,15.30206356,.0001041,53.1562,208.8642,88.0890,338.1165,0,C,65407,151,1,-.40553E-3,-.12036E-3,0,0.190,SpaceX-E
STARLINK-35035,2025-192D,2026-05-31T08:01:42.000010,15.30217096,.0001075,53.1561,208.5163,84.5081,35.0806,0,C,65407,151,1,-.14829E-2,-.44003E-3,0,0.200,SpaceX-E
STARLINK-35035,2025-192D,2026-05-31T09:50:41.999971,15.30216393,.0001105,53.1561,208.1651,81.5331,95.2696,0,C,65407,151,1,-.1908E-2,-.56604E-3,0,0.170,SpaceX-E
STARLINK-35035,2025-192D,2026-05-31T13:26:41.999971,15.30177478,.0001161,53.1563,207.4690,77.4942,206.0870,0,C,65407,151,1,.23048E-3,.68363E-4,0,0.217,SpaceX-E
STARLINK-35035,2025-192D,2026-05-31T15:14:41.999971,15.30164804,.0001116,53.1560,207.1205,77.1423,259.8230,0,C,65407,151,1,.10507E-2,.31164E-3,0,0.144,SpaceX-E
STARLINK-35035,2025-192D,2026-05-31T17:02:41.999971,15.30176773,.0001124,53.1559,206.7718,77.8396,312.5008,0,C,65407,151,1,.23358E-3,.6928E-4,0,0.208,SpaceX-E
STARLINK-35035,2025-192D,2026-05-31T19:00:42.000019,15.30192210,.0001118,53.1559,206.3906,82.2875,39.7041,0,C,65407,151,1,-.6929E-3,-.20552E-3,0,0.214,SpaceX-E
STARLINK-35035,2025-192D,2026-05-31T20:48:42.000019,15.30188081,.0001081,53.1561,206.0417,85.9351,89.4386,0,C,65407,151,1,-.34136E-3,-.10126E-3,0,0.255,SpaceX-E
STARLINK-35035,2025-192D,2026-05-31T22:36:42.000019,15.30167555,.0001075,53.1561,205.6930,87.6328,141.1281,0,C,65407,151,1,.1161E-2,.34439E-3,0,0.259,SpaceX-E
