analysis_split,freshness_bin,metric,n,median,p90,p95,p99,minimum,maximum,p99_support_status
EXPLORATORY_APRIL_MAY,0-6 h,raw_rms_hz,239,172.563870151233,704.4420728893376,1044.5417221338496,1954.4707014996293,7.191340979485247,6210.565305047469,REPORTED
EXPLORATORY_APRIL_MAY,0-6 h,abs_delta_b_orbit_hz,239,167.39181077675735,701.1199572328662,1038.0318717456248,1947.7100500869751,5.291088323124119,6197.061174830452,REPORTED
EXPLORATORY_APRIL_MAY,0-6 h,abs_delta_k_orbit_hz_per_s,239,1.441994919517191,4.072860716038569,5.649181887789547,8.0166204353143,0.0129686714668616,24.81319493990233,REPORTED
EXPLORATORY_APRIL_MAY,0-6 h,score_orbit_hz,239,6.625802153793527,55.114409200658415,72.91399333355504,160.49813565870747,0.0656048577187999,406.29372329140926,REPORTED
EXPLORATORY_APRIL_MAY,0-6 h,explained_fraction,239,0.997137680223075,0.9999419376495557,0.9999790997612157,0.9999949988239231,0.956900730326847,0.9999969134533756,REPORTED
EXPLORATORY_APRIL_MAY,6-9 h,raw_rms_hz,240,336.5368015047883,1313.6103577422136,1704.993338822647,2192.229199559952,4.556410717605296,2751.489254024498,REPORTED
EXPLORATORY_APRIL_MAY,6-9 h,abs_delta_b_orbit_hz,240,318.74576037047336,1312.9725490194849,1702.9034402378263,2188.9705874286683,3.679640160232292,2743.133374573754,REPORTED
EXPLORATORY_APRIL_MAY,6-9 h,abs_delta_k_orbit_hz_per_s,240,2.0203895215821754,7.4556045042831816,8.601474283052967,10.275409994171767,0.0002740234625143,11.578816719196393,REPORTED
EXPLORATORY_APRIL_MAY,6-9 h,score_orbit_hz,240,10.838572004975259,73.63871186080648,104.18969439864652,157.32387439924094,0.0652495861053066,211.5158183268292,REPORTED
EXPLORATORY_APRIL_MAY,6-9 h,explained_fraction,240,0.9978443289116372,0.9998992676297098,0.999979393572007,0.9999967001328309,0.961467324390011,0.999997486127354,REPORTED
EXPLORATORY_APRIL_MAY,9-12 h,raw_rms_hz,240,547.8842598680537,2060.1586731951293,2759.090616068706,4934.418362383983,8.968230346766383,8850.215362210844,REPORTED
EXPLORATORY_APRIL_MAY,9-12 h,abs_delta_b_orbit_hz,240,535.4101735568436,2055.398951502315,2652.851484636398,4932.664251440683,7.909707491515112,8841.029800852792,REPORTED
EXPLORATORY_APRIL_MAY,9-12 h,abs_delta_k_orbit_hz_per_s,240,1.5075799035748627,8.715715498548537,11.391694154119062,31.593052605322836,0.0038651093675119,43.28461955033683,REPORTED
EXPLORATORY_APRIL_MAY,9-12 h,score_orbit_hz,240,7.109823597162125,63.18416368530144,157.9080528445887,243.03517075714169,0.0856182053959624,538.3105866225228,REPORTED
EXPLORATORY_APRIL_MAY,9-12 h,explained_fraction,240,0.9997859279784276,0.9999805022254898,0.9999904830125824,0.9999970781332519,0.989364620789538,0.9999973777934802,REPORTED
EXPLORATORY_APRIL_MAY,12-18 h,raw_rms_hz,242,605.0413698198527,2711.258279511203,3517.1460528365533,7725.532755660019,9.258922916725975,11436.00394643056,REPORTED
EXPLORATORY_APRIL_MAY,12-18 h,abs_delta_b_orbit_hz,242,574.2212434987551,2706.590946388245,3507.4596958379266,7698.6343719357465,3.435331000656377,11397.192771849084,REPORTED
EXPLORATORY_APRIL_MAY,12-18 h,abs_delta_k_orbit_hz_per_s,242,3.0261541524934508,13.891274862395349,17.336017562436528,32.53538902919172,0.0117834058909861,38.96106299415965,REPORTED
EXPLORATORY_APRIL_MAY,12-18 h,score_orbit_hz,242,20.925314068220743,165.03367292262473,264.9222784667124,609.2756723674812,0.0908698757244255,917.9182146861374,REPORTED
EXPLORATORY_APRIL_MAY,12-18 h,explained_fraction,242,0.9967650555498924,0.9999212032493968,0.9999674440828598,0.9999936203335703,0.9868298753151457,0.9999972412659554,REPORTED
EXPLORATORY_APRIL_MAY,18-24 h,raw_rms_hz,239,1126.636941845943,3994.487944622951,6021.73765722486,8659.574125909194,1.233589561664564,9727.186522873348,REPORTED
EXPLORATORY_APRIL_MAY,18-24 h,abs_delta_b_orbit_hz,239,1089.9640177742378,3990.627175140383,6003.600792490846,8631.14490678318,0.3295240245881627,9699.349273243886,REPORTED
EXPLORATORY_APRIL_MAY,18-24 h,abs_delta_k_orbit_hz_per_s,239,5.664486925820079,24.410925761847725,28.12513452764922,36.45995764808515,0.0202582318463814,45.44771650345602,REPORTED
EXPLORATORY_APRIL_MAY,18-24 h,score_orbit_hz,239,17.752094150834196,140.33590741461927,451.8103888840428,669.62977265373,0.0971494766686976,740.6474369506159,REPORTED
EXPLORATORY_APRIL_MAY,18-24 h,explained_fraction,239,0.9996220518720738,0.9999933164498364,0.9999961223443775,0.9999973093343503,0.98399079067205,0.999997494189804,REPORTED
EXPLORATORY_APRIL_MAY,24-36 h,raw_rms_hz,186,1623.124550803388,4995.013789080539,7448.1255263069115,143182.34667874064,16.534237112277754,218393.6504883894,REPORTED
EXPLORATORY_APRIL_MAY,24-36 h,abs_delta_b_orbit_hz,186,1591.0140893654743,4989.7076122878025,7443.556575689158,141731.56918902334,16.46079888891001,212834.03001088,REPORTED
EXPLORATORY_APRIL_MAY,24-36 h,abs_delta_k_orbit_hz_per_s,186,5.149252787801345,28.19397102403365,43.405995020823546,991.5460804811345,0.0104085884921326,2779.144363332918,REPORTED
EXPLORATORY_APRIL_MAY,24-36 h,score_orbit_hz,186,21.16452721334695,265.6471051376206,485.8506184493539,1640.3482709118368,0.0545007087798379,3045.9295523309534,REPORTED
EXPLORATORY_APRIL_MAY,24-36 h,explained_fraction,186,0.9995694205329677,0.9999835828726045,0.9999945310056277,0.9999972275804301,0.9897369794489138,0.9999973270186056,REPORTED
CONFIRMATORY_JUNE,0-6 h,raw_rms_hz,112,194.43881162541618,1061.7410752550263,1482.3705894830211,2487.9362736367566,1.0415165984143675,6055.900095384761,REPORTED
CONFIRMATORY_JUNE,0-6 h,abs_delta_b_orbit_hz,112,193.16278684334674,1005.599762112977,1479.7566585978518,2484.377904058362,0.4479690926973936,6037.4692639522855,REPORTED
CONFIRMATORY_JUNE,0-6 h,abs_delta_k_orbit_hz_per_s,112,1.322424717695861,6.788307324656106,8.852204255296215,19.025853253260184,0.0148767566126153,20.05138901589978,REPORTED
CONFIRMATORY_JUNE,0-6 h,score_orbit_hz,112,7.6313613312201936,63.91302198351019,106.7531105326456,298.6600643972757,0.0288832954538178,470.5035050335976,REPORTED
CONFIRMATORY_JUNE,0-6 h,explained_fraction,112,0.9977193850120669,0.9999124757900271,0.9999522972655476,0.999991374282429,0.9418818898657416,0.9999964399046802,REPORTED
CONFIRMATORY_JUNE,6-9 h,raw_rms_hz,119,301.4273109554708,2040.7448756282354,6763.990378177582,16049.483723095409,5.032281578281419,58217.48759898815,REPORTED
CONFIRMATORY_JUNE,6-9 h,abs_delta_b_orbit_hz,119,300.38037062472984,2037.404161009242,6730.603785105206,15907.676908752524,4.555380805594021,57926.99044358924,REPORTED
CONFIRMATORY_JUNE,6-9 h,abs_delta_k_orbit_hz_per_s,119,1.615767360225291,12.679512936649099,21.854336569002857,213.43499699380655,0.0174852081734566,231.13876103290747,REPORTED
CONFIRMATORY_JUNE,6-9 h,score_orbit_hz,119,13.67105777600313,107.37874667837494,310.7936105279252,722.6762442977808,0.3725263713833734,4277.222598182923,REPORTED
CONFIRMATORY_JUNE,6-9 h,explained_fraction,119,0.9975919817536772,0.9998818352498309,0.9999348930937413,0.999976305677132,0.9887663283217276,0.9999834226868288,REPORTED
CONFIRMATORY_JUNE,9-12 h,raw_rms_hz,117,499.961174238627,4192.148152292488,6868.6732559832835,31859.88170311056,18.543786264337605,41697.763420152485,REPORTED
CONFIRMATORY_JUNE,9-12 h,abs_delta_b_orbit_hz,117,497.33721423539936,4040.786803686429,6536.97039025103,31743.38035212782,15.310455885089809,41541.269196119465,REPORTED
CONFIRMATORY_JUNE,9-12 h,abs_delta_k_orbit_hz_per_s,117,1.684744767219791,36.98081866850874,84.17055617374301,124.89294132181436,0.0018267866040839,145.4767351270542,REPORTED
CONFIRMATORY_JUNE,9-12 h,score_orbit_hz,117,11.16477115098319,231.99879674282934,385.1299791716281,2384.2169462977704,0.2403546260366599,3306.863309563136,REPORTED
CONFIRMATORY_JUNE,9-12 h,explained_fraction,117,0.9992015961649584,0.9999591542883898,0.9999794461982944,0.9999847746059217,0.9817763373998692,0.9999902900659744,REPORTED
CONFIRMATORY_JUNE,12-18 h,raw_rms_hz,120,775.8004999686825,4751.155924423008,8804.49169370479,206253.2730353472,37.86225412009313,361020.0127736746,REPORTED
CONFIRMATORY_JUNE,12-18 h,abs_delta_b_orbit_hz,120,742.9874654832431,4737.281564087163,8776.194135775328,203550.02084861224,29.48183128482005,361003.35740408336,REPORTED
CONFIRMATORY_JUNE,12-18 h,abs_delta_k_orbit_hz_per_s,120,4.726281421213541,27.990682990327848,33.915642864871835,742.8279074055448,0.0216261612051448,2105.987569359408,REPORTED
CONFIRMATORY_JUNE,12-18 h,score_orbit_hz,120,40.776659996689986,345.13117263861193,688.1092652423229,1528.9069683457176,0.839609939804847,3431.4131984012497,REPORTED
CONFIRMATORY_JUNE,12-18 h,explained_fraction,120,0.9964858718686602,0.999882151250296,0.9999643652044877,0.9999961039679035,0.981966114784519,0.9999968787384574,REPORTED
CONFIRMATORY_JUNE,18-24 h,raw_rms_hz,120,947.7094043472339,4248.096083871184,7370.068395562384,21902.410704828035,14.73329353677772,32208.9439061369,REPORTED
CONFIRMATORY_JUNE,18-24 h,abs_delta_b_orbit_hz,120,903.6785442477365,4245.711931247398,7343.515717287531,21654.047095353173,14.023210775656777,32198.69273057531,REPORTED
CONFIRMATORY_JUNE,18-24 h,abs_delta_k_orbit_hz_per_s,120,4.566431692275721,25.129360499661928,35.78170805769708,153.21440877988806,0.0415884556561028,188.87126298689583,REPORTED
CONFIRMATORY_JUNE,18-24 h,score_orbit_hz,120,18.52248847433986,141.04339217544373,264.10545359972696,831.7436987640049,0.2418047938287227,1069.0414680750057,REPORTED
CONFIRMATORY_JUNE,18-24 h,explained_fraction,120,0.9996826395079292,0.9999774638845933,0.9999889116469128,0.9999963404988843,0.9766063184480936,0.999996819928469,REPORTED
CONFIRMATORY_JUNE,24-36 h,raw_rms_hz,114,2210.961561713825,7640.605758516399,9491.033078080078,12633.450233217005,44.964153759277146,18395.050774592102,REPORTED
CONFIRMATORY_JUNE,24-36 h,abs_delta_b_orbit_hz,114,2113.6535469274045,7633.575586112598,9466.274502557215,12494.973526321166,41.98225781174956,18372.111879348748,REPORTED
CONFIRMATORY_JUNE,24-36 h,abs_delta_k_orbit_hz_per_s,114,7.657081536878543,43.49673462584814,53.058660011906795,83.36053046917336,0.0001003551836219,99.45420113810157,REPORTED
CONFIRMATORY_JUNE,24-36 h,score_orbit_hz,114,40.59480159100032,348.3409262982023,623.7835542568937,914.8183230794889,0.5186501235648225,1962.0773275806453,REPORTED
CONFIRMATORY_JUNE,24-36 h,explained_fraction,114,0.9988907259012503,0.9999713208486221,0.9999885347536994,0.9999969525918679,0.976719366603562,0.9999971348326492,REPORTED
ALL_DESCRIPTIVE,0-6 h,raw_rms_hz,351,176.732267092552,830.885859583119,1225.9600011490134,2366.2305358019885,1.0415165984143675,6210.565305047469,REPORTED
ALL_DESCRIPTIVE,0-6 h,abs_delta_b_orbit_hz,351,171.03326234661162,830.8371158975068,1221.758714238151,2358.3860616996635,0.4479690926973936,6197.061174830452,REPORTED
ALL_DESCRIPTIVE,0-6 h,abs_delta_k_orbit_hz_per_s,351,1.419007543304622,4.786652582855471,6.636574872973609,15.994814902900208,0.0129686714668616,24.81319493990233,REPORTED
ALL_DESCRIPTIVE,0-6 h,score_orbit_hz,351,6.666582922114,56.61932200586369,83.61417980780992,185.22428514526723,0.0288832954538178,470.5035050335976,REPORTED
ALL_DESCRIPTIVE,0-6 h,explained_fraction,351,0.9972187618893562,0.9999343775262372,0.9999754433105583,0.9999948548002213,0.9418818898657416,0.9999969134533756,REPORTED
ALL_DESCRIPTIVE,6-9 h,raw_rms_hz,359,333.335331122749,1432.6879634450875,1975.9310575141683,9589.177079980289,4.556410717605296,58217.48759898815,REPORTED
ALL_DESCRIPTIVE,6-9 h,abs_delta_b_orbit_hz,359,314.37892529221824,1430.251412319746,1974.0331044931872,9272.913726557746,3.679640160232292,57926.99044358924,REPORTED
ALL_DESCRIPTIVE,6-9 h,abs_delta_k_orbit_hz_per_s,359,1.868892442631634,8.396822288529325,10.84360378043478,99.11810153880909,0.0002740234625143,231.13876103290747,REPORTED
ALL_DESCRIPTIVE,6-9 h,score_orbit_hz,359,10.889235628115689,83.47555757905657,120.11880336785013,445.35735914036024,0.0652495861053066,4277.222598182923,REPORTED
ALL_DESCRIPTIVE,6-9 h,explained_fraction,359,0.9977510876714072,0.9998890903455409,0.9999690737053112,0.9999951012643322,0.961467324390011,0.999997486127354,REPORTED
ALL_DESCRIPTIVE,9-12 h,raw_rms_hz,357,540.7612104379438,2423.711622138274,3689.13424300323,9011.196088967234,8.968230346766383,41697.763420152485,REPORTED
ALL_DESCRIPTIVE,9-12 h,abs_delta_b_orbit_hz,357,530.2857056914783,2416.3165864350362,3635.889759088731,8997.628799926257,7.909707491515112,41541.269196119465,REPORTED
ALL_DESCRIPTIVE,9-12 h,abs_delta_k_orbit_hz_per_s,357,1.554364486726613,10.726690909165296,26.465892443361895,103.46806681391628,0.0018267866040839,145.4767351270542,REPORTED
ALL_DESCRIPTIVE,9-12 h,score_orbit_hz,357,8.740851362284252,97.55649780229038,219.74627200847388,549.2250834321833,0.0856182053959624,3306.863309563136,REPORTED
ALL_DESCRIPTIVE,9-12 h,explained_fraction,357,0.9997602936902428,0.9999775373973505,0.9999883023178691,0.9999964182911745,0.9817763373998692,0.9999973777934802,REPORTED
ALL_DESCRIPTIVE,12-18 h,raw_rms_hz,362,635.9261997848514,3407.2261922878224,4744.959889894463,10992.979227633556,9.258922916725975,361020.0127736746,REPORTED
ALL_DESCRIPTIVE,12-18 h,abs_delta_b_orbit_hz,362,611.7997751392301,3393.433995328184,4731.672652505653,10960.666513609327,3.435331000656377,361003.35740408336,REPORTED
ALL_DESCRIPTIVE,12-18 h,abs_delta_k_orbit_hz_per_s,362,3.4395382077778427,17.044453280139777,28.503761903953464,39.010084493475716,0.0117834058909861,2105.987569359408,REPORTED
ALL_DESCRIPTIVE,12-18 h,score_orbit_hz,362,27.4535773058174,245.94070341523215,341.89837531921063,828.992982984816,0.0908698757244255,3431.4131984012497,REPORTED
ALL_DESCRIPTIVE,12-18 h,explained_fraction,362,0.9966813127388262,0.9999129892161693,0.9999677472111728,0.9999946346252524,0.981966114784519,0.9999972412659554,REPORTED
ALL_DESCRIPTIVE,18-24 h,raw_rms_hz,359,1083.0926617257508,4096.297769888756,6331.210181299237,12511.359539971103,1.233589561664564,32208.9439061369,REPORTED
ALL_DESCRIPTIVE,18-24 h,abs_delta_b_orbit_hz,359,1031.148880880387,4085.36794293513,6326.124352104913,12477.834608486402,0.3295240245881627,32198.69273057531,REPORTED
ALL_DESCRIPTIVE,18-24 h,abs_delta_k_orbit_hz_per_s,359,5.1960983382274994,25.110935467841585,30.713210501355643,46.367258248815894,0.0202582318463814,188.87126298689583,REPORTED
ALL_DESCRIPTIVE,18-24 h,score_orbit_hz,359,17.798049967250915,141.07029926424408,449.3592137687376,723.5940322846878,0.0971494766686976,1069.0414680750057,REPORTED
ALL_DESCRIPTIVE,18-24 h,explained_fraction,359,0.9996377423146756,0.9999886843050084,0.999995708889476,0.9999972775884474,0.9766063184480936,0.999997494189804,REPORTED
ALL_DESCRIPTIVE,24-36 h,raw_rms_hz,300,1765.1161731261072,6175.916557261502,9145.182011345525,135778.07717105866,16.534237112277754,218393.6504883894,REPORTED
ALL_DESCRIPTIVE,24-36 h,abs_delta_b_orbit_hz,300,1753.6076056058287,6142.745563826014,9114.151958875198,135251.5967028242,16.46079888891001,212834.03001088,REPORTED
ALL_DESCRIPTIVE,24-36 h,abs_delta_k_orbit_hz_per_s,300,6.587976931365704,36.5459723662019,47.95118906542592,674.217529652002,0.0001003551836219,2779.144363332918,REPORTED
ALL_DESCRIPTIVE,24-36 h,score_orbit_hz,300,25.362041234603446,297.34804667639924,600.4143921800735,1468.304988684412,0.0545007087798379,3045.9295523309534,REPORTED
ALL_DESCRIPTIVE,24-36 h,explained_fraction,300,0.9994004483133643,0.999975064816588,0.9999939938256411,0.9999971357129953,0.976719366603562,0.9999973270186056,REPORTED
