satellite_norad_id,month,freshness_bin,satellite_name,analysis_role,segment_units,selected_passes,min_age_h,median_age_h,max_age_h,support_status
44714,2026-04,0-6 h,STARLINK-1008,EXPLORATORY,6,2,3.3945247644444443,4.234246986666667,5.0784136533333335,AVAILABLE
44714,2026-04,6-9 h,STARLINK-1008,EXPLORATORY,6,2,8.282931564444445,8.317266644444445,8.34965728,AVAILABLE
44714,2026-04,9-12 h,STARLINK-1008,EXPLORATORY,6,2,9.628798551111112,10.430881884444446,11.279354106666668,AVAILABLE
44714,2026-04,12-18 h,STARLINK-1008,EXPLORATORY,6,2,12.84657632888889,13.691992995555555,14.537409662222222,AVAILABLE
44714,2026-04,18-24 h,STARLINK-1008,EXPLORATORY,6,2,19.197783457777778,19.249649075555553,19.29595913777778,AVAILABLE
44714,2026-04,24-36 h,STARLINK-1008,EXPLORATORY,6,2,25.27243481777778,26.08701815111111,26.932712595555554,AVAILABLE
44714,2026-05,0-6 h,STARLINK-1008,EXPLORATORY,6,2,3.3775298222222223,4.210724266666666,5.046140933333334,AVAILABLE
44714,2026-05,6-9 h,STARLINK-1008,EXPLORATORY,6,2,6.6050295822222225,7.44030736,8.269474026666666,AVAILABLE
44714,2026-05,9-12 h,STARLINK-1008,EXPLORATORY,6,2,9.560138071111112,10.364445066666667,11.173474284444445,AVAILABLE
44714,2026-05,12-18 h,STARLINK-1008,EXPLORATORY,6,2,14.211522373333333,15.035272373333333,15.87068904,AVAILABLE
44714,2026-05,18-24 h,STARLINK-1008,EXPLORATORY,6,2,19.043744595555555,19.879855706666667,20.696522373333334,AVAILABLE
44714,2026-05,24-36 h,STARLINK-1008,EXPLORATORY,6,2,25.299495840000002,30.627351222222224,35.947428826666666,AVAILABLE
44714,2026-06,0-6 h,STARLINK-1008,CONFIRMATORY,6,2,3.35847768,4.194328182222222,5.036289795555555,AVAILABLE
44714,2026-06,6-9 h,STARLINK-1008,CONFIRMATORY,6,2,6.593234239999999,7.4269842399999995,8.255178684444443,AVAILABLE
44714,2026-06,9-12 h,STARLINK-1008,CONFIRMATORY,6,2,9.80986656888889,10.470367346666666,11.173368124444444,AVAILABLE
44714,2026-06,12-18 h,STARLINK-1008,CONFIRMATORY,6,2,12.72892368,15.122010186666666,17.515096693333334,AVAILABLE
44714,2026-06,18-24 h,STARLINK-1008,CONFIRMATORY,6,2,19.07065224888889,19.1119456,19.121112266666668,AVAILABLE
44714,2026-06,24-36 h,STARLINK-1008,CONFIRMATORY,6,2,26.563211093333337,27.390711093333337,28.223211093333333,AVAILABLE
65686,2026-04,0-6 h,STARLINK-35137,EXPLORATORY,6,2,3.6624891466666667,4.353137075555556,5.092396115555555,AVAILABLE
65686,2026-04,6-9 h,STARLINK-35137,EXPLORATORY,6,2,6.647676720000001,7.494482275555557,8.339343386666668,AVAILABLE
65686,2026-04,9-12 h,STARLINK-35137,EXPLORATORY,6,2,9.902169173333334,9.925493768888888,9.946596142222223,AVAILABLE
65686,2026-04,12-18 h,STARLINK-35137,EXPLORATORY,6,2,12.795952115555556,13.634424337777778,14.480952115555557,AVAILABLE
65686,2026-04,18-24 h,STARLINK-35137,EXPLORATORY,6,2,19.23288189333333,19.306500337777777,19.35289656,AVAILABLE
65686,2026-04,24-36 h,STARLINK-35137,EXPLORATORY,6,2,26.905493537777776,27.744521315555556,28.591049093333332,AVAILABLE
65686,2026-05,0-6 h,STARLINK-35137,EXPLORATORY,6,2,3.4142140622222223,4.259214062222222,5.106158506666667,AVAILABLE
65686,2026-05,6-9 h,STARLINK-35137,EXPLORATORY,6,2,6.677547395555555,7.408942568888889,8.115337742222222,AVAILABLE
65686,2026-05,9-12 h,STARLINK-35137,EXPLORATORY,6,2,9.649304666666668,10.479165777777778,11.325971333333333,AVAILABLE
65686,2026-05,12-18 h,STARLINK-35137,EXPLORATORY,6,2,12.89652688888889,14.562222915555555,16.212363386666667,AVAILABLE
65686,2026-05,18-24 h,STARLINK-35137,EXPLORATORY,6,2,19.29089578666667,19.338320826666667,19.35269031111111,AVAILABLE
65686,2026-05,24-36 h,STARLINK-35137,EXPLORATORY,6,2,25.563067724444444,29.38581179111111,33.17800030222222,AVAILABLE
65686,2026-06,0-6 h,STARLINK-35137,CONFIRMATORY,7,3,3.058055528888889,4.373611066666667,4.743333306666667,AVAILABLE
65686,2026-06,6-9 h,STARLINK-35137,CONFIRMATORY,5,2,6.312499973333334,7.037500053333333,7.041111164444445,AVAILABLE
65686,2026-06,9-12 h,STARLINK-35137,CONFIRMATORY,6,2,10.137499973333332,10.98291664,11.828333306666666,AVAILABLE
65686,2026-06,12-18 h,STARLINK-35137,CONFIRMATORY,6,2,12.483333288888888,14.512361106666667,16.571111146666667,AVAILABLE
65686,2026-06,18-24 h,STARLINK-35137,CONFIRMATORY,6,2,19.208540355555556,20.05326257777778,20.873540355555555,AVAILABLE
65686,2026-06,24-36 h,STARLINK-35137,CONFIRMATORY,6,2,26.82906208,27.663645413333334,28.507117635555556,AVAILABLE
65421,2026-04,0-6 h,STARLINK-35146,EXPLORATORY,6,2,5.015933555555555,5.054925671111111,5.094195564444444,AVAILABLE
65421,2026-04,6-9 h,STARLINK-35146,EXPLORATORY,6,2,6.6473308711111105,7.496710128888889,8.343867164444445,AVAILABLE
65421,2026-04,9-12 h,STARLINK-35146,EXPLORATORY,6,2,9.920256053333334,10.590388173333334,11.287464737777777,AVAILABLE
65421,2026-04,12-18 h,STARLINK-35146,EXPLORATORY,6,2,12.861292133333334,13.709069911111111,14.55684768888889,AVAILABLE
65421,2026-04,18-24 h,STARLINK-35146,EXPLORATORY,6,2,22.26131704888889,23.10909482666667,23.956872604444445,AVAILABLE
65421,2026-04,24-36 h,STARLINK-35146,EXPLORATORY,6,2,25.320024008888886,26.140440675555553,26.987801786666665,AVAILABLE
65421,2026-05,0-6 h,STARLINK-35146,EXPLORATORY,6,2,5.024521902222222,5.062620288888889,5.100718675555556,AVAILABLE
65421,2026-05,6-9 h,STARLINK-35146,EXPLORATORY,6,2,6.509697848888889,7.329142293333334,8.176642053333333,AVAILABLE
65421,2026-05,9-12 h,STARLINK-35146,EXPLORATORY,6,2,9.654200106666668,10.4887832,11.3350332,AVAILABLE
65421,2026-05,12-18 h,STARLINK-35146,EXPLORATORY,6,2,12.906422088888888,13.753505422222222,14.599755422222222,AVAILABLE
65421,2026-05,18-24 h,STARLINK-35146,EXPLORATORY,6,2,19.29097853333333,21.26437813333333,23.230277733333335,AVAILABLE
65421,2026-05,24-36 h,STARLINK-35146,EXPLORATORY,6,2,24.799722177777777,25.645277733333334,26.491388844444444,AVAILABLE
65421,2026-06,0-6 h,STARLINK-35146,CONFIRMATORY,3,1,5.045885528888888,5.076441084444444,5.107274417777777,AVAILABLE
65421,2026-06,6-9 h,STARLINK-35146,CONFIRMATORY,6,2,6.676227146666667,7.521504924444445,8.357893813333334,AVAILABLE
65421,2026-06,9-12 h,STARLINK-35146,CONFIRMATORY,6,2,11.229716097777779,11.333443311111111,11.441059413333333,AVAILABLE
65421,2026-06,12-18 h,STARLINK-35146,CONFIRMATORY,6,2,12.855549431111111,13.702216097777779,14.548882764444445,AVAILABLE
65421,2026-06,18-24 h,STARLINK-35146,CONFIRMATORY,6,2,20.620809795555555,21.461365351111112,22.306920906666665,AVAILABLE
65421,2026-06,24-36 h,STARLINK-35146,CONFIRMATORY,6,2,25.506920906666664,26.355393128888885,27.16247646222222,AVAILABLE
65409,2026-04,0-6 h,STARLINK-35022,EXPLORATORY,6,2,5.016811546666666,5.050097693333333,5.083661617777778,AVAILABLE
65409,2026-04,6-9 h,STARLINK-35022,EXPLORATORY,6,2,6.648397119999999,7.497664848888888,8.344710355555556,AVAILABLE
65409,2026-04,9-12 h,STARLINK-35022,EXPLORATORY,6,2,9.9216548,10.59066224888889,11.288280808888889,AVAILABLE
65409,2026-04,12-18 h,STARLINK-35022,EXPLORATORY,6,2,12.862529982222222,13.71030776,14.558085537777778,AVAILABLE
65409,2026-04,18-24 h,STARLINK-35022,EXPLORATORY,6,2,22.26217656,23.10995433777778,23.957732115555554,AVAILABLE
65409,2026-04,24-36 h,STARLINK-35022,EXPLORATORY,6,2,33.16018896888889,33.98657785777778,34.83352230222222,AVAILABLE
65409,2026-05,0-6 h,STARLINK-35022,EXPLORATORY,6,2,3.815833288888889,4.661388844444445,5.4902777333333335,AVAILABLE
65409,2026-05,6-9 h,STARLINK-35022,EXPLORATORY,6,2,6.553611066666667,6.775694408888889,6.984722195555555,AVAILABLE
65409,2026-05,9-12 h,STARLINK-35022,EXPLORATORY,6,2,9.638640364444445,9.674459057777778,9.73027775111111,AVAILABLE
65409,2026-05,12-18 h,STARLINK-35022,EXPLORATORY,6,2,12.88030679111111,13.726556791111111,14.57280679111111,AVAILABLE
65409,2026-05,18-24 h,STARLINK-35022,EXPLORATORY,6,2,19.198747102222224,19.284183560000002,19.334064462222223,AVAILABLE
65409,2026-05,24-36 h,STARLINK-35022,EXPLORATORY,6,2,33.12912944,33.95704610666667,34.802740551111114,AVAILABLE
65409,2026-06,0-6 h,STARLINK-35022,CONFIRMATORY,6,2,4.940097484444445,5.220604435555556,5.522778053333334,AVAILABLE
65409,2026-06,6-9 h,STARLINK-35022,CONFIRMATORY,6,2,7.093333608888889,7.939028053333334,8.782778053333333,AVAILABLE
65409,2026-06,9-12 h,STARLINK-35022,CONFIRMATORY,6,2,9.693193137777778,10.055763373333335,10.387500275555556,AVAILABLE
65409,2026-06,12-18 h,STARLINK-35022,CONFIRMATORY,6,2,15.909789866666667,16.744095422222223,17.58951208888889,AVAILABLE
65409,2026-06,18-24 h,STARLINK-35022,CONFIRMATORY,6,2,19.04577307555556,19.882300853333334,20.727717520000002,AVAILABLE
65409,2026-06,24-36 h,STARLINK-35022,CONFIRMATORY,6,2,25.560217520000002,28.580177551111113,31.607359804444442,AVAILABLE
65410,2026-04,0-6 h,STARLINK-35024,EXPLORATORY,6,2,5.019978853333333,5.0531551511111115,5.086609226666666,AVAILABLE
65410,2026-04,6-9 h,STARLINK-35024,EXPLORATORY,6,2,6.651547146666666,7.500674186666666,8.347023448888889,AVAILABLE
65410,2026-04,9-12 h,STARLINK-35024,EXPLORATORY,6,2,9.926467893333333,10.591604693333332,11.291463715555555,AVAILABLE
65410,2026-04,12-18 h,STARLINK-35024,EXPLORATORY,6,2,12.865625528888888,13.713403306666667,14.561181084444444,AVAILABLE
65410,2026-04,18-24 h,STARLINK-35024,EXPLORATORY,6,2,22.265348666666668,23.113126444444443,23.960904222222222,AVAILABLE
65410,2026-04,24-36 h,STARLINK-35024,EXPLORATORY,3,1,33.16176602666667,33.18287713777778,33.204266026666666,AVAILABLE
65410,2026-05,0-6 h,STARLINK-35024,EXPLORATORY,6,2,3.9322221777777777,4.521805511111111,5.101388844444444,AVAILABLE
65410,2026-05,6-9 h,STARLINK-35024,EXPLORATORY,6,2,6.6697221777777775,7.516249955555556,8.362777733333333,AVAILABLE
65410,2026-05,9-12 h,STARLINK-35024,EXPLORATORY,6,2,9.513333288888887,9.669583297777777,9.846944417777777,AVAILABLE
65410,2026-05,12-18 h,STARLINK-35024,EXPLORATORY,6,2,12.754166622222222,13.60055551111111,14.4469444,AVAILABLE
65410,2026-05,18-24 h,STARLINK-35024,EXPLORATORY,6,2,19.20273169777778,19.262289586666668,19.31518080888889,AVAILABLE
65410,2026-05,24-36 h,STARLINK-35024,EXPLORATORY,6,2,25.514118844444443,28.568438115555555,31.61136849777778,AVAILABLE
65410,2026-06,0-6 h,STARLINK-35024,CONFIRMATORY,6,2,4.951005928888889,5.2903642133333335,5.639166942222222,AVAILABLE
65410,2026-06,6-9 h,STARLINK-35024,CONFIRMATORY,6,2,7.209722497777778,8.055416942222223,8.898611386666667,AVAILABLE
65410,2026-06,9-12 h,STARLINK-35024,CONFIRMATORY,6,2,9.832672355555555,10.18439187111111,10.499722497777778,AVAILABLE
65410,2026-06,12-18 h,STARLINK-35024,CONFIRMATORY,6,2,12.840762604444445,12.92877824,13.020404986666666,AVAILABLE
65410,2026-06,18-24 h,STARLINK-35024,CONFIRMATORY,6,2,19.28120312,21.38518487111111,23.493611066666666,AVAILABLE
65410,2026-06,24-36 h,STARLINK-35024,CONFIRMATORY,6,2,25.061666622222223,25.9081944,26.75472217777778,AVAILABLE
47749,2026-04,0-6 h,STARLINK-2163,EXPLORATORY,5,2,3.123055831111111,5.535555848888889,5.564722515555556,AVAILABLE
47749,2026-04,6-9 h,STARLINK-2163,EXPLORATORY,6,2,7.124444497777778,7.681791604444444,8.238583155555556,AVAILABLE
47749,2026-04,9-12 h,STARLINK-2163,EXPLORATORY,6,2,9.801083155555556,10.462074204444445,11.149176364444445,AVAILABLE
47749,2026-04,12-18 h,STARLINK-2163,EXPLORATORY,7,3,12.63646423111111,17.432773937777778,17.524532373333333,AVAILABLE
47749,2026-04,18-24 h,STARLINK-2163,EXPLORATORY,6,2,19.000199875555555,19.069171679999997,19.12092126222222,AVAILABLE
47749,2026-04,24-36 h,STARLINK-2163,EXPLORATORY,0,0,,,,LIMITED_SUPPORT
47749,2026-05,0-6 h,STARLINK-2163,EXPLORATORY,5,2,3.4641581155555556,3.5188803377777775,5.081748728888889,AVAILABLE
47749,2026-05,6-9 h,STARLINK-2163,EXPLORATORY,6,2,7.9711975822222225,8.030980613333334,8.101041422222222,AVAILABLE
47749,2026-05,9-12 h,STARLINK-2163,EXPLORATORY,6,2,9.566753377777777,10.398003377777778,11.229253377777779,AVAILABLE
47749,2026-05,12-18 h,STARLINK-2163,EXPLORATORY,7,3,12.740976088888889,14.156307351111112,15.774362906666667,AVAILABLE
47749,2026-05,18-24 h,STARLINK-2163,EXPLORATORY,6,2,18.934640684444446,19.765474017777777,20.59019624,AVAILABLE
47749,2026-05,24-36 h,STARLINK-2163,EXPLORATORY,6,2,34.18195967111111,34.99862633777778,35.82807078222222,AVAILABLE
47749,2026-06,0-6 h,STARLINK-2163,CONFIRMATORY,6,2,4.598611386666667,4.857639071111111,5.079444533333333,AVAILABLE
47749,2026-06,6-9 h,STARLINK-2163,CONFIRMATORY,6,2,6.182222497777778,6.233055711111112,6.285277813333333,AVAILABLE
47749,2026-06,9-12 h,STARLINK-2163,CONFIRMATORY,6,2,9.405277813333333,10.220833368888888,11.034722257777778,AVAILABLE
47749,2026-06,12-18 h,STARLINK-2163,CONFIRMATORY,6,2,12.42595736888889,13.201651813333335,14.022624035555555,AVAILABLE
47749,2026-06,18-24 h,STARLINK-2163,CONFIRMATORY,6,2,18.97583336888889,19.174999973333335,19.375833244444443,AVAILABLE
47749,2026-06,24-36 h,STARLINK-2163,CONFIRMATORY,6,2,26.857778133333333,27.665417022222222,28.476389244444444,AVAILABLE
47383,2026-04,0-6 h,STARLINK-2103,EXPLORATORY,6,2,3.3912264,4.2299764,5.076504177777778,AVAILABLE
47383,2026-04,6-9 h,STARLINK-2103,EXPLORATORY,6,2,6.683993697777778,7.530521355555555,8.367604568888888,AVAILABLE
47383,2026-04,9-12 h,STARLINK-2103,EXPLORATORY,6,2,9.65509216,10.490369937777778,11.337036604444444,AVAILABLE
47383,2026-04,12-18 h,STARLINK-2103,EXPLORATORY,6,2,12.918376284444445,13.76518184,14.61032072888889,AVAILABLE
47383,2026-04,18-24 h,STARLINK-2103,EXPLORATORY,6,2,19.303366506666666,19.329476004444444,19.35197439111111,AVAILABLE
47383,2026-04,24-36 h,STARLINK-2103,EXPLORATORY,0,0,,,,LIMITED_SUPPORT
47383,2026-05,0-6 h,STARLINK-2103,EXPLORATORY,6,2,2.0450635377777777,3.5482380666666664,5.0619681511111105,AVAILABLE
47383,2026-05,6-9 h,STARLINK-2103,EXPLORATORY,6,2,6.66711416,7.512391937777778,8.351558604444444,AVAILABLE
47383,2026-05,9-12 h,STARLINK-2103,EXPLORATORY,6,2,9.91585184888889,10.581001275555556,11.279761813333332,AVAILABLE
47383,2026-05,12-18 h,STARLINK-2103,EXPLORATORY,6,2,14.502856773333333,15.34827344,16.18591232888889,AVAILABLE
47383,2026-05,18-24 h,STARLINK-2103,EXPLORATORY,6,2,19.246848355555553,19.3005498,19.333417911111113,AVAILABLE
47383,2026-05,24-36 h,STARLINK-2103,EXPLORATORY,6,2,26.87918518222222,27.717240737777775,28.562518515555553,AVAILABLE
47383,2026-06,0-6 h,STARLINK-2103,CONFIRMATORY,6,2,3.28194448,4.168241382222222,5.090649395555555,AVAILABLE
47383,2026-06,6-9 h,STARLINK-2103,CONFIRMATORY,6,2,6.658704951111111,7.486097395555555,8.31237872888889,AVAILABLE
47383,2026-06,9-12 h,STARLINK-2103,CONFIRMATORY,6,2,9.624863164444445,10.441529831111112,11.287085386666666,AVAILABLE
47383,2026-06,12-18 h,STARLINK-2103,CONFIRMATORY,6,2,12.854307368888888,13.699724035555555,14.545140702222222,AVAILABLE
47383,2026-06,18-24 h,STARLINK-2103,CONFIRMATORY,6,2,19.20650528,20.05136639111111,20.86900528,AVAILABLE
47383,2026-06,24-36 h,STARLINK-2103,CONFIRMATORY,6,2,33.087640702222224,33.89514070222222,34.74208514666667,AVAILABLE
65411,2026-04,0-6 h,STARLINK-34983,EXPLORATORY,6,2,5.010719191111111,5.0440266977777775,5.077611982222223,AVAILABLE
65411,2026-04,6-9 h,STARLINK-34983,EXPLORATORY,6,2,6.6420077866666665,7.489091119999999,8.335063342222222,AVAILABLE
65411,2026-04,9-12 h,STARLINK-34983,EXPLORATORY,6,2,9.907285564444445,10.617629888888889,11.350751991111112,AVAILABLE
65411,2026-04,12-18 h,STARLINK-34983,EXPLORATORY,6,2,12.92214088,13.769085324444445,14.613807546666667,AVAILABLE
65411,2026-04,18-24 h,STARLINK-34983,EXPLORATORY,6,2,22.256059004444445,23.103697893333333,23.95133678222222,AVAILABLE
65411,2026-04,24-36 h,STARLINK-34983,EXPLORATORY,6,2,25.31971124444444,26.134711244444443,26.982766799999997,AVAILABLE
65411,2026-05,0-6 h,STARLINK-34983,EXPLORATORY,6,2,4.959373582222223,5.01922708,5.084636133333333,AVAILABLE
65411,2026-05,6-9 h,STARLINK-34983,EXPLORATORY,6,2,6.6781075111111114,7.523524177777778,8.359218622222222,AVAILABLE
65411,2026-05,9-12 h,STARLINK-34983,EXPLORATORY,6,2,9.639423582222221,10.466923462222223,11.312756675555557,AVAILABLE
65411,2026-05,12-18 h,STARLINK-34983,EXPLORATORY,6,2,12.882201120000001,13.72845112,14.57470112,AVAILABLE
65411,2026-05,18-24 h,STARLINK-34983,EXPLORATORY,6,2,19.031936266666666,19.852352933333332,20.698602933333333,AVAILABLE
65411,2026-05,24-36 h,STARLINK-34983,EXPLORATORY,6,2,25.528602933333335,28.570912866666667,31.595167244444443,AVAILABLE
65411,2026-06,0-6 h,STARLINK-34983,CONFIRMATORY,6,2,5.02825248,5.060999031111111,5.0940233600000004,AVAILABLE
65411,2026-06,6-9 h,STARLINK-34983,CONFIRMATORY,6,2,6.664301137777778,7.509717804444444,8.349578915555556,AVAILABLE
65411,2026-06,9-12 h,STARLINK-34983,CONFIRMATORY,6,2,9.897389964444445,9.921155804444446,9.93825497777778,AVAILABLE
65411,2026-06,12-18 h,STARLINK-34983,CONFIRMATORY,6,2,15.96376000888889,16.81028778666667,17.656815564444447,AVAILABLE
65411,2026-06,18-24 h,STARLINK-34983,CONFIRMATORY,6,2,19.22598223111111,20.07167667555556,20.896815564444445,AVAILABLE
65411,2026-06,24-36 h,STARLINK-34983,CONFIRMATORY,6,2,26.871951004444448,30.814755924444448,34.76172751111111,AVAILABLE
48309,2026-04,0-6 h,STARLINK-2517,EXPLORATORY,6,2,3.480463102222222,4.2755855333333335,5.070430186666667,AVAILABLE
48309,2026-04,6-9 h,STARLINK-2517,EXPLORATORY,6,2,8.087721448888889,8.214467808888887,8.346491946666665,AVAILABLE
48309,2026-04,9-12 h,STARLINK-2517,EXPLORATORY,6,2,9.639719644444446,10.458469644444445,11.305552977777777,AVAILABLE
48309,2026-04,12-18 h,STARLINK-2517,EXPLORATORY,6,2,12.774208337777777,13.597402782222222,14.44393056,AVAILABLE
48309,2026-04,18-24 h,STARLINK-2517,EXPLORATORY,6,2,19.276152782222223,19.311204600000003,19.34014530666667,AVAILABLE
48309,2026-04,24-36 h,STARLINK-2517,EXPLORATORY,0,0,,,,LIMITED_SUPPORT
48309,2026-05,0-6 h,STARLINK-2517,EXPLORATORY,7,3,2.0667689155555555,3.6763408177777777,5.071464648888889,AVAILABLE
48309,2026-05,6-9 h,STARLINK-2517,EXPLORATORY,6,2,6.642297982222222,7.488686871111111,8.33368687111111,AVAILABLE
48309,2026-05,9-12 h,STARLINK-2517,EXPLORATORY,6,2,9.906464648888889,10.581906768888889,11.274848888888888,AVAILABLE
48309,2026-05,12-18 h,STARLINK-2517,EXPLORATORY,6,2,14.35871592888889,15.197743706666667,16.04343815111111,AVAILABLE
48309,2026-05,18-24 h,STARLINK-2517,EXPLORATORY,5,2,19.245382595555554,19.305104817777774,20.895104817777774,AVAILABLE
48309,2026-05,24-36 h,STARLINK-2517,EXPLORATORY,6,2,33.16404017777778,33.99570684444444,34.842373511111106,AVAILABLE
48309,2026-06,0-6 h,STARLINK-2517,CONFIRMATORY,6,2,3.402146053333333,4.244646053333334,5.09131272,AVAILABLE
48309,2026-06,6-9 h,STARLINK-2517,CONFIRMATORY,6,2,6.677422808888889,7.5239505866666665,8.363256142222221,AVAILABLE
48309,2026-06,9-12 h,STARLINK-2517,CONFIRMATORY,6,2,9.64651528,10.472348613333333,11.319293057777777,AVAILABLE
48309,2026-06,12-18 h,STARLINK-2517,CONFIRMATORY,6,2,12.889570835555554,13.737209724444444,14.584570835555555,AVAILABLE
48309,2026-06,18-24 h,STARLINK-2517,CONFIRMATORY,6,2,19.201685804444445,19.26448290222222,19.323946666666668,AVAILABLE
48309,2026-06,24-36 h,STARLINK-2517,CONFIRMATORY,6,2,33.15790416888889,33.98012639111111,34.827348613333335,AVAILABLE
45230,2026-04,0-6 h,STARLINK-1227,EXPLORATORY,6,2,4.999310186666667,5.033910768888889,5.0687891288888896,AVAILABLE
45230,2026-04,6-9 h,STARLINK-1227,EXPLORATORY,6,2,6.608028124444444,7.449833679999999,8.290528124444444,AVAILABLE
45230,2026-04,9-12 h,STARLINK-1227,EXPLORATORY,6,2,9.60268816888889,10.418104835555557,11.261021502222222,AVAILABLE
45230,2026-04,12-18 h,STARLINK-1227,EXPLORATORY,6,2,12.730785875555554,13.558424764444444,14.40023032,AVAILABLE
45230,2026-04,18-24 h,STARLINK-1227,EXPLORATORY,6,2,19.205032746666664,19.233186968888887,19.258841191111113,AVAILABLE
45230,2026-04,24-36 h,STARLINK-1227,EXPLORATORY,3,1,26.761844684444444,26.789066906666665,26.816566906666665,AVAILABLE
45230,2026-05,0-6 h,STARLINK-1227,EXPLORATORY,6,2,2.050525528888889,2.7319700666666664,3.426747937777778,AVAILABLE
45230,2026-05,6-9 h,STARLINK-1227,EXPLORATORY,6,2,8.219332044444444,8.260927697777777,8.300023351111111,AVAILABLE
45230,2026-05,9-12 h,STARLINK-1227,EXPLORATORY,6,2,9.584015875555556,9.729590626666667,9.878220933333333,AVAILABLE
45230,2026-05,12-18 h,STARLINK-1227,EXPLORATORY,6,2,16.017438097777777,16.858826986666667,17.667993653333333,AVAILABLE
45230,2026-05,18-24 h,STARLINK-1227,EXPLORATORY,6,2,19.09574583111111,19.162703475555553,19.21577223111111,AVAILABLE
45230,2026-05,24-36 h,STARLINK-1227,EXPLORATORY,6,2,25.321328417777774,26.160078417777775,26.980217306666663,AVAILABLE
45230,2026-06,0-6 h,STARLINK-1227,CONFIRMATORY,3,1,4.987834711111111,5.016445822222222,5.045334711111111,AVAILABLE
45230,2026-06,6-9 h,STARLINK-1227,CONFIRMATORY,6,2,6.619217031111111,7.445430506666666,8.268866204444445,AVAILABLE
45230,2026-06,9-12 h,STARLINK-1227,CONFIRMATORY,6,2,9.818665315555556,9.842338426666668,9.854421760000001,AVAILABLE
45230,2026-06,12-18 h,STARLINK-1227,CONFIRMATORY,6,2,12.696266959999999,13.528072515555555,14.365433626666666,AVAILABLE
45230,2026-06,18-24 h,STARLINK-1227,CONFIRMATORY,6,2,19.02015185777778,19.1255704,19.180988942222225,AVAILABLE
45230,2026-06,24-36 h,STARLINK-1227,CONFIRMATORY,6,2,26.671702346666667,27.502813457777776,28.34003568,AVAILABLE
47844,2026-04,0-6 h,STARLINK-2446,EXPLORATORY,6,2,3.384097431111111,4.221529271111111,5.069794444444444,AVAILABLE
47844,2026-04,6-9 h,STARLINK-2446,EXPLORATORY,6,2,6.640627777777778,7.4870166666666655,8.332294444444443,AVAILABLE
47844,2026-04,9-12 h,STARLINK-2446,EXPLORATORY,6,2,9.904794444444445,10.605652275555556,11.33095455111111,AVAILABLE
47844,2026-04,12-18 h,STARLINK-2446,EXPLORATORY,6,2,12.846868160000001,13.694090382222223,14.541034826666667,AVAILABLE
47844,2026-04,18-24 h,STARLINK-2446,EXPLORATORY,6,2,19.21244616,19.26971990222222,19.321438088888886,AVAILABLE
47844,2026-04,24-36 h,STARLINK-2446,EXPLORATORY,6,2,25.313136382222222,26.10106008,26.935650444444445,AVAILABLE
47844,2026-05,0-6 h,STARLINK-2446,EXPLORATORY,6,2,5.004780293333333,5.037851751111111,5.071200986666667,AVAILABLE
47844,2026-05,6-9 h,STARLINK-2446,EXPLORATORY,6,2,6.6746172,7.520311644444445,8.358783866666666,AVAILABLE
47844,2026-05,9-12 h,STARLINK-2446,EXPLORATORY,6,2,9.639795066666666,10.458961733333332,11.305906177777777,AVAILABLE
47844,2026-05,12-18 h,STARLINK-2446,EXPLORATORY,6,2,12.773219822222222,12.836646333333332,12.93673951111111,AVAILABLE
47844,2026-05,18-24 h,STARLINK-2446,EXPLORATORY,6,2,19.181272817777778,19.254468542222224,19.321830933333334,AVAILABLE
47844,2026-05,24-36 h,STARLINK-2446,EXPLORATORY,6,2,25.306937573333332,26.12721535111111,26.974715351111108,AVAILABLE
47844,2026-06,0-6 h,STARLINK-2446,CONFIRMATORY,6,2,2.064956862222222,2.7552711866666666,3.463363288888889,AVAILABLE
47844,2026-06,6-9 h,STARLINK-2446,CONFIRMATORY,6,2,6.663641066666667,7.509057733333334,8.349196622222223,AVAILABLE
47844,2026-06,9-12 h,STARLINK-2446,CONFIRMATORY,3,1,9.91020696,9.92409584888889,9.93770696,AVAILABLE
47844,2026-06,12-18 h,STARLINK-2446,CONFIRMATORY,6,2,15.904343493333332,16.733926826666668,17.57962127111111,AVAILABLE
47844,2026-06,18-24 h,STARLINK-2446,CONFIRMATORY,6,2,19.039956862222223,19.872179084444447,20.71773464,AVAILABLE
47844,2026-06,24-36 h,STARLINK-2446,CONFIRMATORY,6,2,24.466944400000003,25.30166662222222,26.147222177777778,AVAILABLE
65407,2026-04,0-6 h,STARLINK-35035,EXPLORATORY,6,2,3.4082542222222223,4.2487769377777775,5.092077431111111,AVAILABLE
65407,2026-04,6-9 h,STARLINK-35035,EXPLORATORY,6,2,6.663744097777777,7.512698528888889,8.35665296,AVAILABLE
65407,2026-04,9-12 h,STARLINK-35035,EXPLORATORY,6,2,11.213423928888888,11.233597911111112,11.293771893333334,AVAILABLE
65407,2026-04,12-18 h,STARLINK-35035,EXPLORATORY,6,2,16.012199866666666,16.859977644444445,17.707755422222224,AVAILABLE
65407,2026-04,18-24 h,STARLINK-35035,EXPLORATORY,6,2,19.276922088888888,20.805162879999997,22.33979256,AVAILABLE
65407,2026-04,24-36 h,STARLINK-35035,EXPLORATORY,3,1,26.896931653333333,26.921653875555556,26.946653875555555,AVAILABLE
65407,2026-05,0-6 h,STARLINK-35035,EXPLORATORY,6,2,3.3881545777777777,4.225237911111111,5.071765688888888,AVAILABLE
65407,2026-05,6-9 h,STARLINK-35035,EXPLORATORY,6,2,8.280098968888888,8.312321884444444,8.344267022222223,AVAILABLE
65407,2026-05,9-12 h,STARLINK-35035,EXPLORATORY,6,2,9.66482032,10.50495920888889,11.351486986666668,AVAILABLE
65407,2026-05,12-18 h,STARLINK-35035,EXPLORATORY,6,2,12.79656288,12.88680271111111,12.98482032,AVAILABLE
65407,2026-05,18-24 h,STARLINK-35035,EXPLORATORY,6,2,19.292870675555555,19.323757328888888,19.35047731555556,AVAILABLE
65407,2026-05,24-36 h,STARLINK-35035,EXPLORATORY,6,2,25.52912678222222,26.377460115555554,27.191071226666665,AVAILABLE
65407,2026-06,0-6 h,STARLINK-35035,CONFIRMATORY,6,2,3.3745150844444445,4.189098417777778,5.0372928622222215,AVAILABLE
65407,2026-06,6-9 h,STARLINK-35035,CONFIRMATORY,6,2,6.607292862222222,7.45507064,8.302848417777778,AVAILABLE
65407,2026-06,9-12 h,STARLINK-35035,CONFIRMATORY,6,2,11.21380136,11.260544697777778,11.331176924444444,AVAILABLE
65407,2026-06,12-18 h,STARLINK-35035,CONFIRMATORY,6,2,12.902010257777777,13.749371368888887,14.596176924444444,AVAILABLE
65407,2026-06,18-24 h,STARLINK-35035,CONFIRMATORY,6,2,19.05480887111111,19.88494776,20.731753315555554,AVAILABLE
65407,2026-06,24-36 h,STARLINK-35035,CONFIRMATORY,6,2,25.566753315555555,30.17027733777778,34.75769024888889,AVAILABLE
47767,2026-04,0-6 h,STARLINK-2185,EXPLORATORY,6,2,3.361812311111111,4.128267213333333,4.891388782222222,AVAILABLE
47767,2026-04,6-9 h,STARLINK-2185,EXPLORATORY,6,2,6.397500053333333,7.322402671111111,8.266194177777779,AVAILABLE
47767,2026-04,9-12 h,STARLINK-2185,EXPLORATORY,6,2,9.56579848,10.37454848,11.21329848,AVAILABLE
47767,2026-04,12-18 h,STARLINK-2185,EXPLORATORY,6,2,12.772742924444444,15.172632862222223,17.571967244444444,AVAILABLE
47767,2026-04,18-24 h,STARLINK-2185,EXPLORATORY,6,2,19.131411688888885,21.446622159999997,23.77433263111111,AVAILABLE
47767,2026-04,24-36 h,STARLINK-2185,EXPLORATORY,3,1,25.33294374222222,25.358221519999997,25.383499297777774,AVAILABLE
47767,2026-05,0-6 h,STARLINK-2185,EXPLORATORY,6,2,2.0427293333333334,3.5318423511111114,5.040399813333334,AVAILABLE
47767,2026-05,6-9 h,STARLINK-2185,EXPLORATORY,6,2,6.598177591111111,7.432760924444445,8.261788702222223,AVAILABLE
47767,2026-05,9-12 h,STARLINK-2185,EXPLORATORY,6,2,9.551716942222223,10.374633608888889,11.20949472,AVAILABLE
47767,2026-05,12-18 h,STARLINK-2185,EXPLORATORY,6,2,12.76699448,13.602272257777777,14.43699448,AVAILABLE
47767,2026-05,18-24 h,STARLINK-2185,EXPLORATORY,6,2,19.071356684444442,19.753699515555553,20.441042346666666,AVAILABLE
47767,2026-05,24-36 h,STARLINK-2185,EXPLORATORY,6,2,25.219097902222224,26.056597902222222,26.85187568,AVAILABLE
47767,2026-06,0-6 h,STARLINK-2185,CONFIRMATORY,6,2,3.3397277066666664,4.168005302222222,5.008227342222222,AVAILABLE
47767,2026-06,6-9 h,STARLINK-2185,CONFIRMATORY,6,2,6.568271475555555,7.399521475555555,8.227438142222221,AVAILABLE
47767,2026-06,9-12 h,STARLINK-2185,CONFIRMATORY,6,2,9.75778326222222,9.778805564444443,9.798994533333332,AVAILABLE
47767,2026-06,12-18 h,STARLINK-2185,CONFIRMATORY,6,2,14.283731644444446,15.115953866666668,15.947620533333334,AVAILABLE
47767,2026-06,18-24 h,STARLINK-2185,CONFIRMATORY,6,2,19.00901857777778,19.05862965777778,19.079074071111112,AVAILABLE
47767,2026-06,24-36 h,STARLINK-2185,CONFIRMATORY,6,2,34.261231404444445,35.07206473777778,35.904564737777775,AVAILABLE
65405,2026-04,0-6 h,STARLINK-34830,EXPLORATORY,6,2,5.013866817777778,5.047052475555556,5.080515911111111,AVAILABLE
65405,2026-04,6-9 h,STARLINK-34830,EXPLORATORY,6,2,6.6453345511111115,7.49463924,8.341999484444445,AVAILABLE
65405,2026-04,9-12 h,STARLINK-34830,EXPLORATORY,6,2,9.911167404444445,9.93116677777778,9.948388373333334,AVAILABLE
65405,2026-04,12-18 h,STARLINK-34830,EXPLORATORY,6,2,12.859234275555554,13.707012053333333,14.55478983111111,AVAILABLE
65405,2026-04,18-24 h,STARLINK-34830,EXPLORATORY,6,2,22.25923255111111,23.10687144,23.954510328888887,AVAILABLE
65405,2026-04,24-36 h,STARLINK-34830,EXPLORATORY,6,2,25.319745955555554,26.138218177777777,26.985857066666664,AVAILABLE
65405,2026-05,0-6 h,STARLINK-34830,EXPLORATORY,6,2,2.041366924444444,3.6133731822222224,5.19287944,AVAILABLE
65405,2026-05,6-9 h,STARLINK-34830,EXPLORATORY,6,2,6.515532613333334,6.66267824888889,6.808434995555555,AVAILABLE
65405,2026-05,9-12 h,STARLINK-34830,EXPLORATORY,6,2,9.764421502222223,10.611782613333334,11.45858816888889,AVAILABLE
65405,2026-05,12-18 h,STARLINK-34830,EXPLORATORY,6,2,14.35582392,15.189296142222222,16.035546142222223,AVAILABLE
65405,2026-05,18-24 h,STARLINK-34830,EXPLORATORY,6,2,19.22027529777778,19.285678257777782,19.34108121777778,AVAILABLE
65405,2026-05,24-36 h,STARLINK-34830,EXPLORATORY,0,0,,,,LIMITED_SUPPORT
65405,2026-06,0-6 h,STARLINK-34830,CONFIRMATORY,6,2,3.2633332266666666,4.1031943377777775,4.9486110044444445,AVAILABLE
65405,2026-06,6-9 h,STARLINK-34830,CONFIRMATORY,6,2,6.14944456,6.363750004444444,6.580833226666667,AVAILABLE
65405,2026-06,9-12 h,STARLINK-34830,CONFIRMATORY,6,2,9.91961678222222,10.585436337777777,11.291255893333334,AVAILABLE
65405,2026-06,12-18 h,STARLINK-34830,CONFIRMATORY,6,2,12.859867004444444,13.70653367111111,14.553200337777778,AVAILABLE
65405,2026-06,18-24 h,STARLINK-34830,CONFIRMATORY,6,2,19.289916986666665,21.04023624888889,22.80333328888889,AVAILABLE
65405,2026-06,24-36 h,STARLINK-34830,CONFIRMATORY,6,2,24.371388844444446,25.217916622222223,26.064444400000003,AVAILABLE
48672,2026-04,0-6 h,STARLINK-2705,EXPLORATORY,6,2,3.414285146666667,4.253582177777778,5.094823653333333,AVAILABLE
48672,2026-04,6-9 h,STARLINK-2705,EXPLORATORY,6,2,6.666490319999999,7.513018097777778,8.35510143111111,AVAILABLE
48672,2026-04,9-12 h,STARLINK-2705,EXPLORATORY,6,2,11.234946062222223,11.264900795555556,11.296244417777778,AVAILABLE
48672,2026-04,12-18 h,STARLINK-2705,EXPLORATORY,6,2,14.355237653333333,15.150654320000001,16.003848764444445,AVAILABLE
48672,2026-04,18-24 h,STARLINK-2705,EXPLORATORY,6,2,19.301778933333335,19.32672497777778,19.350004355555555,AVAILABLE
48672,2026-04,24-36 h,STARLINK-2705,EXPLORATORY,0,0,,,,LIMITED_SUPPORT
48672,2026-05,0-6 h,STARLINK-2705,EXPLORATORY,6,2,3.400591271111111,4.245164115555555,5.093625848888889,AVAILABLE
48672,2026-05,6-9 h,STARLINK-2705,EXPLORATORY,6,2,6.664181404444444,7.4951179422222225,8.324943368888889,AVAILABLE
48672,2026-05,9-12 h,STARLINK-2705,EXPLORATORY,6,2,9.64088167111111,9.790829186666667,9.936054480000001,AVAILABLE
48672,2026-05,12-18 h,STARLINK-2705,EXPLORATORY,6,2,12.783165493333332,13.620248826666666,14.465665493333333,AVAILABLE
48672,2026-05,18-24 h,STARLINK-2705,EXPLORATORY,6,2,19.155984524444445,19.25818612,19.334276604444447,AVAILABLE
48672,2026-05,24-36 h,STARLINK-2705,EXPLORATORY,0,0,,,,LIMITED_SUPPORT
48672,2026-06,0-6 h,STARLINK-2705,CONFIRMATORY,3,1,5.0072400888888895,5.0377956444444445,5.068628977777778,AVAILABLE
48672,2026-06,6-9 h,STARLINK-2705,CONFIRMATORY,6,2,8.291753697777777,8.322573182222222,8.352281555555555,AVAILABLE
48672,2026-06,9-12 h,STARLINK-2705,CONFIRMATORY,6,2,11.20383552888889,11.22088172888889,11.27931681777778,AVAILABLE
48672,2026-06,12-18 h,STARLINK-2705,CONFIRMATORY,6,2,12.847372373333334,13.69403904,14.540705706666667,AVAILABLE
48672,2026-06,18-24 h,STARLINK-2705,CONFIRMATORY,6,2,19.23555870222222,20.082364257777776,20.90055870222222,AVAILABLE
48672,2026-06,24-36 h,STARLINK-2705,CONFIRMATORY,6,2,25.507685297777776,25.542029924444442,25.574985662222222,AVAILABLE
48111,2026-04,0-6 h,STARLINK-2448,EXPLORATORY,6,2,2.065603511111111,3.5583432888888886,5.073860844444445,AVAILABLE
48111,2026-04,6-9 h,STARLINK-2448,EXPLORATORY,6,2,6.644899831111111,7.488233164444445,8.327677608888889,AVAILABLE
48111,2026-04,9-12 h,STARLINK-2448,EXPLORATORY,6,2,9.636935191111112,9.791448946666668,9.925962702222224,AVAILABLE
48111,2026-04,12-18 h,STARLINK-2448,EXPLORATORY,6,2,12.770987404444444,15.276361444444445,17.74867992888889,AVAILABLE
48111,2026-04,18-24 h,STARLINK-2448,EXPLORATORY,6,2,19.221577191111113,19.268037102222223,19.30255256888889,AVAILABLE
48111,2026-04,24-36 h,STARLINK-2448,EXPLORATORY,6,2,26.83040725333333,27.669851697777776,28.51290725333333,AVAILABLE
48111,2026-05,0-6 h,STARLINK-2448,EXPLORATORY,6,2,4.996658728888889,5.031333373333333,5.066563573333333,AVAILABLE
48111,2026-05,6-9 h,STARLINK-2448,EXPLORATORY,6,2,6.632396906666666,7.474619128888888,8.313508017777778,AVAILABLE
48111,2026-05,9-12 h,STARLINK-2448,EXPLORATORY,6,2,9.608033279999999,10.410116613333333,11.256088835555556,AVAILABLE
48111,2026-05,12-18 h,STARLINK-2448,EXPLORATORY,6,2,12.820255502222222,13.663588835555554,14.506922168888888,AVAILABLE
48111,2026-05,18-24 h,STARLINK-2448,EXPLORATORY,6,2,19.18267471111111,19.22565442666667,19.258571093333334,AVAILABLE
48111,2026-05,24-36 h,STARLINK-2448,EXPLORATORY,6,2,25.389429484444445,26.232207262222225,27.041373928888888,AVAILABLE
48111,2026-06,0-6 h,STARLINK-2448,CONFIRMATORY,6,2,4.9758344,5.010526088888889,5.045773333333333,AVAILABLE
48111,2026-06,6-9 h,STARLINK-2448,CONFIRMATORY,6,2,6.608828888888889,7.448134324444444,8.284661982222222,AVAILABLE
48111,2026-06,9-12 h,STARLINK-2448,CONFIRMATORY,6,2,9.839167733333333,9.861081524444444,9.875495315555556,AVAILABLE
48111,2026-06,12-18 h,STARLINK-2448,CONFIRMATORY,6,2,15.81816544888889,15.852191035555556,15.914272177777779,AVAILABLE
48111,2026-06,18-24 h,STARLINK-2448,CONFIRMATORY,6,2,19.099549955555553,19.166576768888888,19.22165913777778,AVAILABLE
48111,2026-06,24-36 h,STARLINK-2448,CONFIRMATORY,6,2,26.69525546666667,27.522894355555557,28.3610888,AVAILABLE
65693,2026-04,0-6 h,STARLINK-35060,EXPLORATORY,6,2,3.4092932355555554,4.242955875555555,5.079118515555556,AVAILABLE
65693,2026-04,6-9 h,STARLINK-35060,EXPLORATORY,6,2,6.66010376,7.5092776,8.354006995555556,AVAILABLE
65693,2026-04,9-12 h,STARLINK-35060,EXPLORATORY,6,2,9.650368586666666,10.481479697777775,11.328146364444443,AVAILABLE
65693,2026-04,12-18 h,STARLINK-35060,EXPLORATORY,6,2,12.898701919999999,13.746201919999999,14.593146364444443,AVAILABLE
65693,2026-04,18-24 h,STARLINK-35060,EXPLORATORY,6,2,19.28386312,19.314415142222224,19.34274494222222,AVAILABLE
65693,2026-04,24-36 h,STARLINK-35060,EXPLORATORY,6,2,25.52232654222222,26.36968765333333,27.190937653333332,AVAILABLE
65693,2026-05,0-6 h,STARLINK-35060,EXPLORATORY,6,2,5.030434426666666,5.063750453333333,5.097344257777777,AVAILABLE
65693,2026-05,6-9 h,STARLINK-35060,EXPLORATORY,6,2,6.669010924444445,7.515538822222222,8.357066719999999,AVAILABLE
65693,2026-05,9-12 h,STARLINK-35060,EXPLORATORY,6,2,11.213278773333334,11.234098,11.294083893333335,AVAILABLE
65693,2026-05,12-18 h,STARLINK-35060,EXPLORATORY,6,2,12.77950095111111,14.476879604444445,16.20148048,AVAILABLE
65693,2026-05,18-24 h,STARLINK-35060,EXPLORATORY,6,2,19.179886142222223,19.25955465777778,19.332834284444445,AVAILABLE
65693,2026-05,24-36 h,STARLINK-35060,EXPLORATORY,6,2,33.164251173333334,33.99689006222222,34.84341784,AVAILABLE
65693,2026-06,0-6 h,STARLINK-35060,CONFIRMATORY,6,2,3.3977412266666667,4.235438644444445,5.0786916177777774,AVAILABLE
65693,2026-06,6-9 h,STARLINK-35060,CONFIRMATORY,6,2,8.0791364,8.105675591111112,8.138603671111111,AVAILABLE
65693,2026-06,9-12 h,STARLINK-35060,CONFIRMATORY,6,2,9.708048115555556,10.555270337777777,11.402770337777778,AVAILABLE
65693,2026-06,12-18 h,STARLINK-35060,CONFIRMATORY,6,2,14.367517502222222,14.424160288888888,14.486914186666667,AVAILABLE
65693,2026-06,18-24 h,STARLINK-35060,CONFIRMATORY,6,2,19.06694184,19.223872337777777,19.35358061333333,AVAILABLE
65693,2026-06,24-36 h,STARLINK-35060,CONFIRMATORY,6,2,33.15833592888889,33.97111370666667,34.81972481777778,AVAILABLE
60265,2026-04,0-6 h,STARLINK-32120,EXPLORATORY,6,2,5.048277706666667,5.146538208888889,5.232854266666666,AVAILABLE
60265,2026-04,6-9 h,STARLINK-32120,EXPLORATORY,6,2,8.074466933333333,8.095629755555557,8.119292577777777,AVAILABLE
60265,2026-04,9-12 h,STARLINK-32120,EXPLORATORY,6,2,9.685022488888889,10.476101262222222,11.239680035555555,AVAILABLE
60265,2026-04,12-18 h,STARLINK-32120,EXPLORATORY,6,2,14.390028871111111,15.235862204444445,16.082251093333333,AVAILABLE
60265,2026-04,18-24 h,STARLINK-32120,EXPLORATORY,6,2,19.29507854222222,19.320727608888888,19.341932231111112,AVAILABLE
60265,2026-04,24-36 h,STARLINK-32120,EXPLORATORY,6,2,26.885843608888887,27.720010275555552,28.566121386666666,AVAILABLE
60265,2026-05,0-6 h,STARLINK-32120,EXPLORATORY,6,2,3.404512417777778,4.247567973333333,5.0947901955555555,AVAILABLE
60265,2026-05,6-9 h,STARLINK-32120,EXPLORATORY,6,2,6.667290195555556,7.514373528888889,8.357567973333333,AVAILABLE
60265,2026-05,9-12 h,STARLINK-32120,EXPLORATORY,6,2,9.937387484444443,10.596063568888887,11.296128542222222,AVAILABLE
60265,2026-05,12-18 h,STARLINK-32120,EXPLORATORY,6,2,12.847529546666667,13.669057324444445,14.509473991111111,AVAILABLE
60265,2026-05,18-24 h,STARLINK-32120,EXPLORATORY,6,2,19.31473837333333,19.338634266666666,19.361141271111112,AVAILABLE
60265,2026-05,24-36 h,STARLINK-32120,EXPLORATORY,6,2,26.91080808888889,27.744696977777778,28.59164142222222,AVAILABLE
60265,2026-06,0-6 h,STARLINK-32120,CONFIRMATORY,6,2,5.011920426666666,5.053564568888889,5.095486488888889,AVAILABLE
60265,2026-06,6-9 h,STARLINK-32120,CONFIRMATORY,6,2,6.646087093333334,7.402566404444444,8.150990160000001,AVAILABLE
60265,2026-06,9-12 h,STARLINK-32120,CONFIRMATORY,6,2,9.72099016,10.569045715555555,11.417101271111111,AVAILABLE
60265,2026-06,12-18 h,STARLINK-32120,CONFIRMATORY,6,2,12.811598631111112,13.654098631111111,14.501043075555556,AVAILABLE
60265,2026-06,18-24 h,STARLINK-32120,CONFIRMATORY,6,2,19.201714373333335,19.306656502222225,19.361043075555557,AVAILABLE
60265,2026-06,24-36 h,STARLINK-32120,CONFIRMATORY,0,0,,,,LIMITED_SUPPORT
58380,2026-04,0-6 h,STARLINK-30915,EXPLORATORY,6,2,3.4006729511111113,4.2501327955555555,5.104037084444444,AVAILABLE
58380,2026-04,6-9 h,STARLINK-30915,EXPLORATORY,6,2,6.675703751111111,7.52209264,8.361814862222221,AVAILABLE
58380,2026-04,9-12 h,STARLINK-30915,EXPLORATORY,6,2,9.64480336,10.456192248888888,11.305081137777776,AVAILABLE
58380,2026-04,12-18 h,STARLINK-30915,EXPLORATORY,6,2,12.780272124444444,13.602494346666667,14.449716568888888,AVAILABLE
58380,2026-04,18-24 h,STARLINK-30915,EXPLORATORY,6,2,19.28443879111111,19.98722016,20.69139041777778,AVAILABLE
58380,2026-04,24-36 h,STARLINK-30915,EXPLORATORY,0,0,,,,LIMITED_SUPPORT
58380,2026-05,0-6 h,STARLINK-30915,EXPLORATORY,6,2,5.021740817777777,5.054712488888889,5.088239715555556,AVAILABLE
58380,2026-05,6-9 h,STARLINK-30915,EXPLORATORY,6,2,6.659906382222222,7.506711937777778,8.35018416,AVAILABLE
58380,2026-05,9-12 h,STARLINK-30915,EXPLORATORY,6,2,9.934906382222222,10.591071013333334,11.294735644444446,AVAILABLE
58380,2026-05,12-18 h,STARLINK-30915,EXPLORATORY,6,2,12.849570204444444,12.882848262222222,12.916404097777777,AVAILABLE
58380,2026-05,18-24 h,STARLINK-30915,EXPLORATORY,6,2,19.236096293333333,20.082624071111113,20.914707404444446,AVAILABLE
58380,2026-05,24-36 h,STARLINK-30915,EXPLORATORY,6,2,25.531667057777778,26.380694835555555,27.19138928,AVAILABLE
58380,2026-06,0-6 h,STARLINK-30915,CONFIRMATORY,6,2,3.788888782222222,4.62916656,5.473333226666667,AVAILABLE
58380,2026-06,6-9 h,STARLINK-30915,CONFIRMATORY,6,2,6.125555671111111,7.1758122222222225,8.229402106666667,AVAILABLE
58380,2026-06,9-12 h,STARLINK-30915,CONFIRMATORY,6,2,9.800790995555557,10.646902106666667,11.487735440000002,AVAILABLE
58380,2026-06,12-18 h,STARLINK-30915,CONFIRMATORY,6,2,12.791353226666665,13.62690878222222,14.47329767111111,AVAILABLE
58380,2026-06,18-24 h,STARLINK-30915,CONFIRMATORY,6,2,19.29399426666667,19.32475708,19.35107544888889,AVAILABLE
58380,2026-06,24-36 h,STARLINK-30915,CONFIRMATORY,6,2,34.63262177777778,34.69993527555555,34.77724877333333,AVAILABLE
48458,2026-04,0-6 h,STARLINK-2698,EXPLORATORY,6,2,1.7713890044444445,3.4343819599999996,5.097930471111111,AVAILABLE
48458,2026-04,6-9 h,STARLINK-2698,EXPLORATORY,6,2,6.669597137777777,7.5161249155555545,8.357374915555555,AVAILABLE
48458,2026-04,9-12 h,STARLINK-2698,EXPLORATORY,6,2,9.65300311111111,10.486058666666665,11.332447555555554,AVAILABLE
48458,2026-04,12-18 h,STARLINK-2698,EXPLORATORY,6,2,12.903558666666665,13.750780888888887,14.597447555555554,AVAILABLE
48458,2026-04,18-24 h,STARLINK-2698,EXPLORATORY,6,2,19.30812176,20.89406916888889,22.483349911111112,AVAILABLE
48458,2026-04,24-36 h,STARLINK-2698,EXPLORATORY,6,2,26.89132313777778,27.733267582222226,28.57882313777778,AVAILABLE
48458,2026-05,0-6 h,STARLINK-2698,EXPLORATORY,6,2,3.3933846577777778,4.235830128888889,5.084108933333334,AVAILABLE
48458,2026-05,6-9 h,STARLINK-2698,EXPLORATORY,6,2,6.654942026666666,7.500358693333332,8.342442026666667,AVAILABLE
48458,2026-05,9-12 h,STARLINK-2698,EXPLORATORY,6,2,9.906810871111112,9.924542208888889,9.938384657777778,AVAILABLE
48458,2026-05,12-18 h,STARLINK-2698,EXPLORATORY,6,2,12.781715697777777,12.814686195555556,12.85071224888889,AVAILABLE
48458,2026-05,18-24 h,STARLINK-2698,EXPLORATORY,6,2,19.27061208,19.303238271111113,19.330864462222223,AVAILABLE
48458,2026-05,24-36 h,STARLINK-2698,EXPLORATORY,6,2,26.888623217777777,27.730012106666667,28.575567662222223,AVAILABLE
48458,2026-06,0-6 h,STARLINK-2698,CONFIRMATORY,6,2,3.3842300444444446,4.219646711111111,5.065063377777777,AVAILABLE
48458,2026-06,6-9 h,STARLINK-2698,CONFIRMATORY,6,2,6.641157831111111,7.486991164444445,8.331157831111112,AVAILABLE
48458,2026-06,9-12 h,STARLINK-2698,CONFIRMATORY,6,2,9.635993137777778,10.446132026666668,11.294048693333334,AVAILABLE
48458,2026-06,12-18 h,STARLINK-2698,CONFIRMATORY,6,2,12.862382026666667,15.27804828,17.693714533333335,AVAILABLE
48458,2026-06,18-24 h,STARLINK-2698,CONFIRMATORY,6,2,19.261770088888888,19.317726275555554,19.33146024,AVAILABLE
48458,2026-06,24-36 h,STARLINK-2698,CONFIRMATORY,6,2,25.295317484444446,26.10878970666667,26.95615081777778,AVAILABLE
