record_type,scope,gate_attribution,observation_row_count,fraction_of_scope_rows,fraction_of_rejected_rows,analysis_status,geometric_residual_rmse_median_hz,score_median_hz,abs_geometry_b_component_median_hz,abs_geometry_k_component_median_hz_per_s,geometric_rmse_above_score_threshold_rows
EXCLUSIVE_GATE_COMBINATION,ALL_ORBIT_DISTINCT_ROWS,ACCEPT_ALL_GATES_PASS,4530,0.253781512605042,,ROW_LEVEL_VERIFIER_MECHANISM_NOT_PRIMARY_SECURITY_WEIGHT,,,,,
EXCLUSIVE_GATE_COMBINATION,ALL_ORBIT_DISTINCT_ROWS,score,420,0.023529411764705882,0.03153153153153153,ROW_LEVEL_VERIFIER_MECHANISM_NOT_PRIMARY_SECURITY_WEIGHT,,,,,
EXCLUSIVE_GATE_COMBINATION,ALL_ORBIT_DISTINCT_ROWS,b,231,0.012941176470588235,0.017342342342342342,ROW_LEVEL_VERIFIER_MECHANISM_NOT_PRIMARY_SECURITY_WEIGHT,,,,,
EXCLUSIVE_GATE_COMBINATION,ALL_ORBIT_DISTINCT_ROWS,k,5133,0.28756302521008403,0.38536036036036037,ROW_LEVEL_VERIFIER_MECHANISM_NOT_PRIMARY_SECURITY_WEIGHT,,,,,
EXCLUSIVE_GATE_COMBINATION,ALL_ORBIT_DISTINCT_ROWS,score+b,25,0.0014005602240896359,0.0018768768768768769,ROW_LEVEL_VERIFIER_MECHANISM_NOT_PRIMARY_SECURITY_WEIGHT,,,,,
EXCLUSIVE_GATE_COMBINATION,ALL_ORBIT_DISTINCT_ROWS,score+k,906,0.050756302521008406,0.06801801801801802,ROW_LEVEL_VERIFIER_MECHANISM_NOT_PRIMARY_SECURITY_WEIGHT,,,,,
EXCLUSIVE_GATE_COMBINATION,ALL_ORBIT_DISTINCT_ROWS,b+k,1188,0.06655462184873949,0.0891891891891892,ROW_LEVEL_VERIFIER_MECHANISM_NOT_PRIMARY_SECURITY_WEIGHT,,,,,
EXCLUSIVE_GATE_COMBINATION,ALL_ORBIT_DISTINCT_ROWS,score+b+k,5417,0.3034733893557423,0.4066816816816817,ROW_LEVEL_VERIFIER_MECHANISM_NOT_PRIMARY_SECURITY_WEIGHT,,,,,
EXCLUSIVE_GATE_COMBINATION,active_compensation_first_pass,ACCEPT_ALL_GATES_PASS,25,0.2777777777777778,,ROW_LEVEL_VERIFIER_MECHANISM_NOT_PRIMARY_SECURITY_WEIGHT,,,,,
EXCLUSIVE_GATE_COMBINATION,active_compensation_first_pass,score,2,0.022222222222222223,0.03076923076923077,ROW_LEVEL_VERIFIER_MECHANISM_NOT_PRIMARY_SECURITY_WEIGHT,,,,,
EXCLUSIVE_GATE_COMBINATION,active_compensation_first_pass,k,2,0.022222222222222223,0.03076923076923077,ROW_LEVEL_VERIFIER_MECHANISM_NOT_PRIMARY_SECURITY_WEIGHT,,,,,
EXCLUSIVE_GATE_COMBINATION,active_compensation_first_pass,score+k,61,0.6777777777777778,0.9384615384615385,ROW_LEVEL_VERIFIER_MECHANISM_NOT_PRIMARY_SECURITY_WEIGHT,,,,,
EXCLUSIVE_GATE_COMBINATION,controlled_altitude_difference_synthetic_B,ACCEPT_ALL_GATES_PASS,4248,0.42650602409638555,,ROW_LEVEL_VERIFIER_MECHANISM_NOT_PRIMARY_SECURITY_WEIGHT,,,,,
EXCLUSIVE_GATE_COMBINATION,controlled_altitude_difference_synthetic_B,score,396,0.03975903614457831,0.06932773109243698,ROW_LEVEL_VERIFIER_MECHANISM_NOT_PRIMARY_SECURITY_WEIGHT,,,,,
EXCLUSIVE_GATE_COMBINATION,controlled_altitude_difference_synthetic_B,b,196,0.01967871485943775,0.03431372549019608,ROW_LEVEL_VERIFIER_MECHANISM_NOT_PRIMARY_SECURITY_WEIGHT,,,,,
EXCLUSIVE_GATE_COMBINATION,controlled_altitude_difference_synthetic_B,k,3999,0.4015060240963855,0.7001050420168067,ROW_LEVEL_VERIFIER_MECHANISM_NOT_PRIMARY_SECURITY_WEIGHT,,,,,
EXCLUSIVE_GATE_COMBINATION,controlled_altitude_difference_synthetic_B,score+b,14,0.0014056224899598394,0.0024509803921568627,ROW_LEVEL_VERIFIER_MECHANISM_NOT_PRIMARY_SECURITY_WEIGHT,,,,,
EXCLUSIVE_GATE_COMBINATION,controlled_altitude_difference_synthetic_B,score+k,603,0.0605421686746988,0.1055672268907563,ROW_LEVEL_VERIFIER_MECHANISM_NOT_PRIMARY_SECURITY_WEIGHT,,,,,
EXCLUSIVE_GATE_COMBINATION,controlled_altitude_difference_synthetic_B,b+k,365,0.036646586345381524,0.06390056022408963,ROW_LEVEL_VERIFIER_MECHANISM_NOT_PRIMARY_SECURITY_WEIGHT,,,,,
EXCLUSIVE_GATE_COMBINATION,controlled_altitude_difference_synthetic_B,score+b+k,139,0.01395582329317269,0.024334733893557423,ROW_LEVEL_VERIFIER_MECHANISM_NOT_PRIMARY_SECURITY_WEIGHT,,,,,
EXCLUSIVE_GATE_COMBINATION,same_pair_multi_pass_real_TLE,ACCEPT_ALL_GATES_PASS,55,0.022916666666666665,,ROW_LEVEL_VERIFIER_MECHANISM_NOT_PRIMARY_SECURITY_WEIGHT,,,,,
EXCLUSIVE_GATE_COMBINATION,same_pair_multi_pass_real_TLE,score,5,0.0020833333333333333,0.0021321961620469083,ROW_LEVEL_VERIFIER_MECHANISM_NOT_PRIMARY_SECURITY_WEIGHT,,,,,
EXCLUSIVE_GATE_COMBINATION,same_pair_multi_pass_real_TLE,b,7,0.002916666666666667,0.0029850746268656717,ROW_LEVEL_VERIFIER_MECHANISM_NOT_PRIMARY_SECURITY_WEIGHT,,,,,
EXCLUSIVE_GATE_COMBINATION,same_pair_multi_pass_real_TLE,k,783,0.32625,0.33390191897654586,ROW_LEVEL_VERIFIER_MECHANISM_NOT_PRIMARY_SECURITY_WEIGHT,,,,,
EXCLUSIVE_GATE_COMBINATION,same_pair_multi_pass_real_TLE,score+k,76,0.03166666666666667,0.032409381663113,ROW_LEVEL_VERIFIER_MECHANISM_NOT_PRIMARY_SECURITY_WEIGHT,,,,,
EXCLUSIVE_GATE_COMBINATION,same_pair_multi_pass_real_TLE,b+k,611,0.25458333333333333,0.2605543710021322,ROW_LEVEL_VERIFIER_MECHANISM_NOT_PRIMARY_SECURITY_WEIGHT,,,,,
EXCLUSIVE_GATE_COMBINATION,same_pair_multi_pass_real_TLE,score+b+k,863,0.3595833333333333,0.36801705756929637,ROW_LEVEL_VERIFIER_MECHANISM_NOT_PRIMARY_SECURITY_WEIGHT,,,,,
EXCLUSIVE_GATE_COMBINATION,segment_local_heatmap_and_direction_sensitivity,ACCEPT_ALL_GATES_PASS,202,0.03740740740740741,,ROW_LEVEL_VERIFIER_MECHANISM_NOT_PRIMARY_SECURITY_WEIGHT,,,,,
EXCLUSIVE_GATE_COMBINATION,segment_local_heatmap_and_direction_sensitivity,score,17,0.003148148148148148,0.0032704886494805694,ROW_LEVEL_VERIFIER_MECHANISM_NOT_PRIMARY_SECURITY_WEIGHT,,,,,
EXCLUSIVE_GATE_COMBINATION,segment_local_heatmap_and_direction_sensitivity,b,28,0.005185185185185185,0.005386687187379761,ROW_LEVEL_VERIFIER_MECHANISM_NOT_PRIMARY_SECURITY_WEIGHT,,,,,
EXCLUSIVE_GATE_COMBINATION,segment_local_heatmap_and_direction_sensitivity,k,349,0.06462962962962963,0.06714120815698346,ROW_LEVEL_VERIFIER_MECHANISM_NOT_PRIMARY_SECURITY_WEIGHT,,,,,
EXCLUSIVE_GATE_COMBINATION,segment_local_heatmap_and_direction_sensitivity,score+b,11,0.002037037037037037,0.002116198537899192,ROW_LEVEL_VERIFIER_MECHANISM_NOT_PRIMARY_SECURITY_WEIGHT,,,,,
EXCLUSIVE_GATE_COMBINATION,segment_local_heatmap_and_direction_sensitivity,score+k,166,0.030740740740740742,0.03193535975375144,ROW_LEVEL_VERIFIER_MECHANISM_NOT_PRIMARY_SECURITY_WEIGHT,,,,,
EXCLUSIVE_GATE_COMBINATION,segment_local_heatmap_and_direction_sensitivity,b+k,212,0.03925925925925926,0.04078491727587533,ROW_LEVEL_VERIFIER_MECHANISM_NOT_PRIMARY_SECURITY_WEIGHT,,,,,
EXCLUSIVE_GATE_COMBINATION,segment_local_heatmap_and_direction_sensitivity,score+b+k,4415,0.8175925925925925,0.8493651404386302,ROW_LEVEL_VERIFIER_MECHANISM_NOT_PRIMARY_SECURITY_WEIGHT,,,,,
MECHANISM_OUTCOME_SUMMARY,ALL_ORBIT_DISTINCT_ROWS,ACCEPT,4530,,,ROW_LEVEL_MECHANISM_DESCRIPTIVE,6.711255665811253,26.85456185143819,9.80237099718238,0.2896940064135478,103.0
MECHANISM_OUTCOME_SUMMARY,ALL_ORBIT_DISTINCT_ROWS,REJECT,13320,,,ROW_LEVEL_MECHANISM_DESCRIPTIVE,216.12507283435457,33.022241313333595,197.98737471131085,4.709781637070153,11055.0
