NORAD_CAT_ID,OBJECT_NAME,OBJECT_ID,EPOCH,MEAN_MOTION,ECCENTRICITY,INCLINATION,RA_OF_ASC_NODE,ARG_OF_PERICENTER,MEAN_ANOMALY,EPHEMERIS_TYPE,CLASSIFICATION_TYPE,ELEMENT_SET_NO,REV_AT_EPOCH,BSTAR,MEAN_MOTION_DOT,MEAN_MOTION_DDOT,RMS,DATA_SOURCE,fit_rms_km,semi_major_axis_proxy_km,reference_type,reference_quality,raw_file_path
65409,STARLINK-35022,2025-192F,2026-03-08T02:54:41.999962,15.310138,0.0001178,53.1586,239.599,95.2366,301.0608,0,C,67,1,0.00068754,0.0002094,0,0.473,SpaceX-E,0.473,6850.923285684378,operator-derived SupGP reference,SGP4 fit to source ephemeris; not precise truth,data/orbit_uncertainty_pilot/raw/celestrak_supgp/sat000065409.csv
65409,STARLINK-35022,2025-192F,2026-03-08T10:05:42.000000,15.31001313,0.0001294,53.1584,238.207,96.1748,150.725,0,C,67,1,2.0812e-05,6.3321e-06,0,0.406,SpaceX-E,0.406,6850.9605368445855,operator-derived SupGP reference,SGP4 fit to source ephemeris; not precise truth,data/orbit_uncertainty_pilot/raw/celestrak_supgp/sat000065409.csv
65409,STARLINK-35022,2025-192F,2026-03-08T17:48:42.000019,15.31104837,9.34e-05,53.1583,236.7119,83.1763,136.8175,0,C,67,1,-0.0011225,-0.00034225,0,1.146,SpaceX-E,1.146,6850.651719832574,operator-derived SupGP reference,SGP4 fit to source ephemeris; not precise truth,data/orbit_uncertainty_pilot/raw/celestrak_supgp/sat000065409.csv
65409,STARLINK-35022,2025-192F,2026-03-09T01:52:42.000010,15.31094525,9.7e-05,53.1581,235.1487,77.8875,195.7394,0,C,68,1,-0.0022496,-0.00068498,0,0.533,SpaceX-E,0.533,6850.682479458051,operator-derived SupGP reference,SGP4 fit to source ephemeris; not precise truth,data/orbit_uncertainty_pilot/raw/celestrak_supgp/sat000065409.csv
65409,STARLINK-35022,2025-192F,2026-03-09T10:05:42.000000,15.30996625,9.95e-05,53.158,233.5564,69.3374,292.4152,0,C,68,1,0.00038928,0.00011847,0,0.295,SpaceX-E,0.295,6850.974522195078,operator-derived SupGP reference,SGP4 fit to source ephemeris; not precise truth,data/orbit_uncertainty_pilot/raw/celestrak_supgp/sat000065409.csv
65409,STARLINK-35022,2025-192F,2026-03-09T17:37:42.000010,15.31036149,0.0001026,53.1579,232.0966,71.3801,221.3731,0,C,68,1,-0.00022831,-6.9524e-05,0,0.551,SpaceX-E,0.551,6850.856615515893,operator-derived SupGP reference,SGP4 fit to source ephemeris; not precise truth,data/orbit_uncertainty_pilot/raw/celestrak_supgp/sat000065409.csv
65409,STARLINK-35022,2025-192F,2026-03-10T10:09:42.000019,15.30992773,0.0001004,53.1578,228.8928,77.2337,54.5953,0,C,69,1,0.00063791,0.00019415,0,0.267,SpaceX-E,0.267,6850.98601362437,operator-derived SupGP reference,SGP4 fit to source ephemeris; not precise truth,data/orbit_uncertainty_pilot/raw/celestrak_supgp/sat000065409.csv
65409,STARLINK-35022,2025-192F,2026-03-11T02:10:42.000010,15.3103761,9.48e-05,53.1578,225.7892,80.8721,131.2744,0,C,70,1,-0.00052413,-0.00015957,0,0.321,SpaceX-E,0.321,6850.852257206627,operator-derived SupGP reference,SGP4 fit to source ephemeris; not precise truth,data/orbit_uncertainty_pilot/raw/celestrak_supgp/sat000065409.csv
65409,STARLINK-35022,2025-192F,2026-03-11T09:53:42.000029,15.31034021,9.39e-05,53.1578,224.2938,87.4701,97.8513,0,C,70,1,-0.00046362,-0.00014114,0,0.296,SpaceX-E,0.296,6850.862963565339,operator-derived SupGP reference,SGP4 fit to source ephemeris; not precise truth,data/orbit_uncertainty_pilot/raw/celestrak_supgp/sat000065409.csv
65409,STARLINK-35022,2025-192F,2026-03-11T20:30:42.000019,15.31027405,9.92e-05,53.1579,222.2364,87.881,16.9857,0,C,70,1,-0.00028908,-8.7999e-05,0,0.301,SpaceX-E,0.301,6850.882699888183,operator-derived SupGP reference,SGP4 fit to source ephemeris; not precise truth,data/orbit_uncertainty_pilot/raw/celestrak_supgp/sat000065409.csv
65409,STARLINK-35022,2025-192F,2026-03-12T02:15:41.999990,15.30976224,8.11e-05,53.158,221.1221,72.379,273.7551,0,C,71,1,-0.00025068,-7.6193e-05,0,0.73,SpaceX-E,0.73,6851.035383763286,operator-derived SupGP reference,SGP4 fit to source ephemeris; not precise truth,data/orbit_uncertainty_pilot/raw/celestrak_supgp/sat000065409.csv
65409,STARLINK-35022,2025-192F,2026-03-12T10:06:41.999962,15.30917537,8.64e-05,53.1581,219.601,66.1823,283.7,0,C,71,1,0.0026566,0.00080818,0,0.417,SpaceX-E,0.417,6851.210470112942,operator-derived SupGP reference,SGP4 fit to source ephemeris; not precise truth,data/orbit_uncertainty_pilot/raw/celestrak_supgp/sat000065409.csv
65409,STARLINK-35022,2025-192F,2026-03-12T16:02:42.000029,15.3095985,9.04e-05,53.1582,218.4513,58.6277,214.5538,0,C,71,1,0.0023483,0.00071512,0,0.443,SpaceX-E,0.443,6851.0842327053,operator-derived SupGP reference,SGP4 fit to source ephemeris; not precise truth,data/orbit_uncertainty_pilot/raw/celestrak_supgp/sat000065409.csv
65409,STARLINK-35022,2025-192F,2026-03-13T01:53:41.999971,15.31021007,9.45e-05,53.1584,216.5427,56.8013,319.6665,0,C,72,1,0.00048167,0.0001467,0,0.268,SpaceX-E,0.268,6850.901786026034,operator-derived SupGP reference,SGP4 fit to source ephemeris; not precise truth,data/orbit_uncertainty_pilot/raw/celestrak_supgp/sat000065409.csv
65409,STARLINK-35022,2025-192F,2026-03-13T10:07:42.000010,15.31042217,9.81e-05,53.1585,214.9471,53.7359,54.6083,0,C,72,1,0.0008415,0.00025656,0,0.268,SpaceX-E,0.268,6850.838514109788,operator-derived SupGP reference,SGP4 fit to source ephemeris; not precise truth,data/orbit_uncertainty_pilot/raw/celestrak_supgp/sat000065409.csv
65409,STARLINK-35022,2025-192F,2026-03-13T21:23:41.999971,15.31084191,9.29e-05,53.1587,212.7639,62.049,115.2122,0,C,72,1,-0.00078649,-0.00023973,0,0.442,SpaceX-E,0.442,6850.7133050536295,operator-derived SupGP reference,SGP4 fit to source ephemeris; not precise truth,data/orbit_uncertainty_pilot/raw/celestrak_supgp/sat000065409.csv
65409,STARLINK-35022,2025-192F,2026-03-14T02:45:41.999962,15.31071012,9.21e-05,53.1589,211.7238,65.0063,265.4621,0,C,73,1,-0.00088563,-0.00026981,0,0.39,SpaceX-E,0.39,6850.752617587324,operator-derived SupGP reference,SGP4 fit to source ephemeris; not precise truth,data/orbit_uncertainty_pilot/raw/celestrak_supgp/sat000065409.csv
65409,STARLINK-35022,2025-192F,2026-03-14T11:01:42.000010,15.31071498,9.96e-05,53.1591,210.1217,72.0592,357.9899,0,C,73,1,-0.0008988,-0.00027382,0,0.409,SpaceX-E,0.409,6850.751167854919,operator-derived SupGP reference,SGP4 fit to source ephemeris; not precise truth,data/orbit_uncertainty_pilot/raw/celestrak_supgp/sat000065409.csv
65409,STARLINK-35022,2025-192F,2026-03-14T18:59:41.999971,15.31019026,0.0001041,53.1593,208.5779,77.4154,23.2914,0,C,73,1,8.9764e-05,2.7328e-05,0,0.339,SpaceX-E,0.339,6850.907695655842,operator-derived SupGP reference,SGP4 fit to source ephemeris; not precise truth,data/orbit_uncertainty_pilot/raw/celestrak_supgp/sat000065409.csv
65410,STARLINK-35024,2025-192G,2026-03-08T02:55:42.000010,15.31023393,0.0001122,53.1584,239.5902,82.6354,320.1488,0,C,67,1,8.798e-05,2.6789e-05,0,0.282,SpaceX-E,0.282,6850.894668235417,operator-derived SupGP reference,SGP4 fit to source ephemeris; not precise truth,data/orbit_uncertainty_pilot/raw/celestrak_supgp/sat000065410.csv
65410,STARLINK-35024,2025-192G,2026-03-08T10:06:41.999962,15.31024864,0.0001098,53.1582,238.1983,85.0509,168.3339,0,C,67,1,4.9418e-06,1.5047e-06,0,0.293,SpaceX-E,0.293,6850.8902800342385,operator-derived SupGP reference,SGP4 fit to source ephemeris; not precise truth,data/orbit_uncertainty_pilot/raw/celestrak_supgp/sat000065410.csv
65410,STARLINK-35024,2025-192G,2026-03-08T17:49:41.999981,15.31051719,0.0001017,53.1581,236.703,85.348,141.179,0,C,67,1,-0.00017334,-5.2813e-05,0,0.602,SpaceX-E,0.602,6850.810169003791,operator-derived SupGP reference,SGP4 fit to source ephemeris; not precise truth,data/orbit_uncertainty_pilot/raw/celestrak_supgp/sat000065410.csv
65410,STARLINK-35024,2025-192G,2026-03-09T01:55:41.999981,15.31075189,9.8e-05,53.158,235.1334,90.3791,197.4014,0,C,68,1,-0.0014691,-0.00044737,0,0.383,SpaceX-E,0.383,6850.740157669439,operator-derived SupGP reference,SGP4 fit to source ephemeris; not precise truth,data/orbit_uncertainty_pilot/raw/celestrak_supgp/sat000065410.csv
65410,STARLINK-35024,2025-192G,2026-03-09T10:01:41.999981,15.31007595,9.65e-05,53.1579,233.5638,96.8342,252.2402,0,C,68,1,0.00010547,3.2099e-05,0,0.294,SpaceX-E,0.294,6850.941796348167,operator-derived SupGP reference,SGP4 fit to source ephemeris; not precise truth,data/orbit_uncertainty_pilot/raw/celestrak_supgp/sat000065410.csv
65410,STARLINK-35024,2025-192G,2026-03-09T17:45:41.999962,15.31002201,9.32e-05,53.1578,232.0652,96.8469,229.1958,0,C,68,1,0.00044135,0.00013434,0,0.256,SpaceX-E,0.256,6850.957887750398,operator-derived SupGP reference,SGP4 fit to source ephemeris; not precise truth,data/orbit_uncertainty_pilot/raw/celestrak_supgp/sat000065410.csv
65410,STARLINK-35024,2025-192G,2026-03-10T10:17:41.999971,15.31037697,8.73e-05,53.1577,228.8616,90.1029,74.9647,0,C,69,1,-0.00025405,-7.7363e-05,0,0.339,SpaceX-E,0.339,6850.851997677135,operator-derived SupGP reference,SGP4 fit to source ephemeris; not precise truth,data/orbit_uncertainty_pilot/raw/celestrak_supgp/sat000065410.csv
65410,STARLINK-35024,2025-192G,2026-03-11T02:08:42.000000,15.31022825,8.38e-05,53.1577,225.7901,81.998,125.135,0,C,70,1,0.00028414,8.6531e-05,0,0.295,SpaceX-E,0.295,6850.896362661683,operator-derived SupGP reference,SGP4 fit to source ephemeris; not precise truth,data/orbit_uncertainty_pilot/raw/celestrak_supgp/sat000065410.csv
65410,STARLINK-35024,2025-192G,2026-03-11T09:48:41.999962,15.30943656,0.0001054,53.1577,224.3044,68.6232,100.2044,0,C,70,1,0.0014539,0.00044216,0,0.76,SpaceX-E,0.76,6851.132545505508,operator-derived SupGP reference,SGP4 fit to source ephemeris; not precise truth,data/orbit_uncertainty_pilot/raw/celestrak_supgp/sat000065410.csv
65410,STARLINK-35024,2025-192G,2026-03-11T20:26:42.000000,15.30984953,0.0001113,53.1578,222.244,64.4531,27.6166,0,C,70,1,0.0013447,0.00040942,0,0.391,SpaceX-E,0.391,6851.009342686667,operator-derived SupGP reference,SGP4 fit to source ephemeris; not precise truth,data/orbit_uncertainty_pilot/raw/celestrak_supgp/sat000065410.csv
65410,STARLINK-35024,2025-192G,2026-03-12T02:12:42.000019,15.31018027,0.0001112,53.1579,221.1266,60.7782,276.3387,0,C,71,1,0.00084586,0.00025769,0,0.269,SpaceX-E,0.269,6850.910675832397,operator-derived SupGP reference,SGP4 fit to source ephemeris; not precise truth,data/orbit_uncertainty_pilot/raw/celestrak_supgp/sat000065410.csv
65410,STARLINK-35024,2025-192G,2026-03-12T10:06:41.999962,15.31038887,0.0001123,53.158,219.5957,59.128,293.2677,0,C,71,1,0.00080782,0.00024626,0,0.266,SpaceX-E,0.266,6850.848447793457,operator-derived SupGP reference,SGP4 fit to source ephemeris; not precise truth,data/orbit_uncertainty_pilot/raw/celestrak_supgp/sat000065410.csv
65410,STARLINK-35024,2025-192G,2026-03-12T15:57:41.999962,15.3100121,0.0001045,53.1581,218.462,47.7699,208.8809,0,C,71,1,0.0011297,0.00034408,0,0.293,SpaceX-E,0.293,6850.960844115812,operator-derived SupGP reference,SGP4 fit to source ephemeris; not precise truth,data/orbit_uncertainty_pilot/raw/celestrak_supgp/sat000065410.csv
65410,STARLINK-35024,2025-192G,2026-03-13T01:51:41.999962,15.31040985,0.0001084,53.1582,216.5436,46.2704,325.2053,0,C,72,1,0.00067158,0.00020471,0,0.366,SpaceX-E,0.366,6850.84218927024,operator-derived SupGP reference,SGP4 fit to source ephemeris; not precise truth,data/orbit_uncertainty_pilot/raw/celestrak_supgp/sat000065410.csv
65410,STARLINK-35024,2025-192G,2026-03-13T10:06:41.999962,15.31168063,9.04e-05,53.1584,214.9447,64.8716,42.3425,0,C,72,1,-0.003433,-0.0010465,0,0.69,SpaceX-E,0.69,6850.463130786484,operator-derived SupGP reference,SGP4 fit to source ephemeris; not precise truth,data/orbit_uncertainty_pilot/raw/celestrak_supgp/sat000065410.csv
65410,STARLINK-35024,2025-192G,2026-03-13T21:17:42.000029,15.31000698,7.85e-05,53.1587,212.7773,79.2171,77.9208,0,C,72,1,0.0002521,7.6718e-05,0,0.378,SpaceX-E,0.378,6850.962371522803,operator-derived SupGP reference,SGP4 fit to source ephemeris; not precise truth,data/orbit_uncertainty_pilot/raw/celestrak_supgp/sat000065410.csv
65410,STARLINK-35024,2025-192G,2026-03-14T02:52:42.000038,15.30998143,7.88e-05,53.1588,211.6953,83.2765,276.7956,0,C,73,1,0.0003964,0.00012064,0,0.277,SpaceX-E,0.277,6850.969993654404,operator-derived SupGP reference,SGP4 fit to source ephemeris; not precise truth,data/orbit_uncertainty_pilot/raw/celestrak_supgp/sat000065410.csv
65410,STARLINK-35024,2025-192G,2026-03-14T10:59:42.000000,15.31035374,9.09e-05,53.159,210.1224,83.8538,341.2556,0,C,73,1,-0.00054367,-0.0001655,0,0.359,SpaceX-E,0.359,6850.858927421296,operator-derived SupGP reference,SGP4 fit to source ephemeris; not precise truth,data/orbit_uncertainty_pilot/raw/celestrak_supgp/sat000065410.csv
65410,STARLINK-35024,2025-192G,2026-03-14T18:58:42.000010,15.30984929,9.75e-05,53.1592,208.5754,83.3287,16.2302,0,C,73,1,0.0010038,0.00030553,0,0.315,SpaceX-E,0.315,6851.009414285118,operator-derived SupGP reference,SGP4 fit to source ephemeris; not precise truth,data/orbit_uncertainty_pilot/raw/celestrak_supgp/sat000065410.csv
65411,STARLINK-34983,2025-192H,2026-03-08T03:02:42.000000,15.31035319,0.0001177,53.1589,239.4326,93.8545,43.1969,0,C,67,1,-0.00024082,-7.3331e-05,0,0.286,SpaceX-E,0.286,6850.859091492077,operator-derived SupGP reference,SGP4 fit to source ephemeris; not precise truth,data/orbit_uncertainty_pilot/raw/celestrak_supgp/sat000065411.csv
65411,STARLINK-34983,2025-192H,2026-03-08T10:02:42.000029,15.3102109,0.0001155,53.1589,238.0761,94.9019,210.6375,0,C,67,1,7.871e-05,2.3964e-05,0,0.283,SpaceX-E,0.283,6850.901538424457,operator-derived SupGP reference,SGP4 fit to source ephemeris; not precise truth,data/orbit_uncertainty_pilot/raw/celestrak_supgp/sat000065411.csv
65411,STARLINK-34983,2025-192H,2026-03-08T17:46:42.000010,15.31019966,0.0001146,53.1589,236.5775,93.2123,189.3093,0,C,67,1,7.997e-05,2.4347e-05,0,0.265,SpaceX-E,0.265,6850.90489148867,operator-derived SupGP reference,SGP4 fit to source ephemeris; not precise truth,data/orbit_uncertainty_pilot/raw/celestrak_supgp/sat000065411.csv
65411,STARLINK-34983,2025-192H,2026-03-09T01:52:42.000010,15.31014869,0.0001154,53.159,235.008,91.0836,252.6672,0,C,68,1,0.00043559,0.00013264,0,0.276,SpaceX-E,0.276,6850.920096672092,operator-derived SupGP reference,SGP4 fit to source ephemeris; not precise truth,data/orbit_uncertainty_pilot/raw/celestrak_supgp/sat000065411.csv
65411,STARLINK-34983,2025-192H,2026-03-09T09:57:41.999962,15.31021993,0.0001117,53.1591,233.4416,89.7434,311.405,0,C,68,1,0.00039582,0.00012055,0,0.289,SpaceX-E,0.289,6850.898844640075,operator-derived SupGP reference,SGP4 fit to source ephemeris; not precise truth,data/orbit_uncertainty_pilot/raw/celestrak_supgp/sat000065411.csv
65411,STARLINK-34983,2025-192H,2026-03-09T17:41:42.000029,15.31039017,0.0001136,53.1592,231.9431,88.1983,289.9315,0,C,68,1,-0.00013309,-4.0534e-05,0,0.332,SpaceX-E,0.332,6850.848059991316,operator-derived SupGP reference,SGP4 fit to source ephemeris; not precise truth,data/orbit_uncertainty_pilot/raw/celestrak_supgp/sat000065411.csv
65411,STARLINK-34983,2025-192H,2026-03-10T10:15:41.999962,15.31022703,0.0001227,53.1593,228.7328,85.324,139.5665,0,C,69,1,0.00016128,4.9111e-05,0,0.267,SpaceX-E,0.267,6850.89672660549,operator-derived SupGP reference,SGP4 fit to source ephemeris; not precise truth,data/orbit_uncertainty_pilot/raw/celestrak_supgp/sat000065411.csv
65411,STARLINK-34983,2025-192H,2026-03-11T02:10:42.000010,15.31159113,0.000135,53.1596,225.6487,82.9945,199.2133,0,C,70,1,-0.0057099,-0.0017364,0,2.812,SpaceX-E,2.812,6850.4898258502735,operator-derived SupGP reference,SGP4 fit to source ephemeris; not precise truth,data/orbit_uncertainty_pilot/raw/celestrak_supgp/sat000065411.csv
65411,STARLINK-34983,2025-192H,2026-03-11T09:52:41.999981,15.31417858,0.0001204,53.1596,224.1567,103.9692,147.5045,0,C,70,1,-0.024243,-0.007304,0,3.201,SpaceX-E,3.201,6849.718174969893,operator-derived SupGP reference,SGP4 fit to source ephemeris; not precise truth,data/orbit_uncertainty_pilot/raw/celestrak_supgp/sat000065411.csv
65411,STARLINK-34983,2025-192H,2026-03-11T20:25:42.000038,15.30386794,0.0001424,53.1598,222.1119,89.2315,66.7238,0,C,70,1,-0.0051606,-0.0015332,0,2.826,SpaceX-E,2.826,6852.794392935177,operator-derived SupGP reference,SGP4 fit to source ephemeris; not precise truth,data/orbit_uncertainty_pilot/raw/celestrak_supgp/sat000065411.csv
65411,STARLINK-34983,2025-192H,2026-03-12T02:10:42.000010,15.30190461,0.0001495,53.1599,220.9987,96.1418,300.5396,0,C,71,1,7.5749e-05,2.2476e-05,0,0.346,SpaceX-E,0.346,6853.380551301867,operator-derived SupGP reference,SGP4 fit to source ephemeris; not precise truth,data/orbit_uncertainty_pilot/raw/celestrak_supgp/sat000065411.csv
65411,STARLINK-34983,2025-192H,2026-03-12T10:14:42.000000,15.30204103,0.0001466,53.16,219.4375,90.9122,358.3314,0,C,71,1,-0.00048599,-0.00014419,0,0.377,SpaceX-E,0.377,6853.3398186282675,operator-derived SupGP reference,SGP4 fit to source ephemeris; not precise truth,data/orbit_uncertainty_pilot/raw/celestrak_supgp/sat000065411.csv
65411,STARLINK-34983,2025-192H,2026-03-12T15:59:41.999971,15.30180849,0.0001443,53.16,218.3247,88.4538,241.3341,0,C,71,1,8.8897e-05,2.637e-05,0,0.316,SpaceX-E,0.316,6853.409251449711,operator-derived SupGP reference,SGP4 fit to source ephemeris; not precise truth,data/orbit_uncertainty_pilot/raw/celestrak_supgp/sat000065411.csv
65411,STARLINK-34983,2025-192H,2026-03-13T01:52:42.000010,15.30180469,0.0001434,53.1602,216.412,85.6628,353.8848,0,C,72,1,0.00044143,0.00013098,0,0.296,SpaceX-E,0.296,6853.410386085118,operator-derived SupGP reference,SGP4 fit to source ephemeris; not precise truth,data/orbit_uncertainty_pilot/raw/celestrak_supgp/sat000065411.csv
65411,STARLINK-34983,2025-192H,2026-03-13T09:57:41.999962,15.3020129,0.0001428,53.1603,214.8476,85.6025,50.3253,0,C,72,1,-8.2019e-05,-2.4341e-05,0,0.285,SpaceX-E,0.285,6853.348217714554,operator-derived SupGP reference,SGP4 fit to source ephemeris; not precise truth,data/orbit_uncertainty_pilot/raw/celestrak_supgp/sat000065411.csv
65411,STARLINK-34983,2025-192H,2026-03-13T21:16:41.999981,15.30201712,0.0001424,53.1603,212.6575,88.9974,125.9022,0,C,72,1,-0.0002876,-8.5336e-05,0,0.345,SpaceX-E,0.345,6853.346957700679,operator-derived SupGP reference,SGP4 fit to source ephemeris; not precise truth,data/orbit_uncertainty_pilot/raw/celestrak_supgp/sat000065411.csv
65411,STARLINK-34983,2025-192H,2026-03-14T02:50:42.000029,15.3019583,0.0001376,53.1604,211.5802,90.0217,323.3112,0,C,73,1,-0.00024615,-7.3026e-05,0,0.329,SpaceX-E,0.329,6853.364520315952,operator-derived SupGP reference,SGP4 fit to source ephemeris; not precise truth,data/orbit_uncertainty_pilot/raw/celestrak_supgp/sat000065411.csv
65411,STARLINK-34983,2025-192H,2026-03-14T10:55:41.999981,15.30215755,0.0001261,53.1604,210.0157,90.2014,19.5275,0,C,73,1,-0.00095854,-0.00028436,0,0.381,SpaceX-E,0.381,6853.305028232796,operator-derived SupGP reference,SGP4 fit to source ephemeris; not precise truth,data/orbit_uncertainty_pilot/raw/celestrak_supgp/sat000065411.csv
65411,STARLINK-34983,2025-192H,2026-03-14T18:59:41.999971,15.30155184,0.0001135,53.1604,208.4546,87.532,74.7984,0,C,73,1,0.00079966,0.00023717,0,0.369,SpaceX-E,0.369,6853.485885183152,operator-derived SupGP reference,SGP4 fit to source ephemeris; not precise truth,data/orbit_uncertainty_pilot/raw/celestrak_supgp/sat000065411.csv
